[
{
  "model": "admin.logentry",
  "pk": 1,
  "fields": {
    "action_time": "2024-04-07T19:46:20.744Z",
    "user": 1,
    "content_type": 7,
    "object_id": "1",
    "object_repr": "Новости",
    "action_flag": 1,
    "change_message": "[{\"added\": {}}]"
  }
},
{
  "model": "admin.logentry",
  "pk": 2,
  "fields": {
    "action_time": "2024-04-07T19:46:41.633Z",
    "user": 1,
    "content_type": 7,
    "object_id": "2",
    "object_repr": "Технологии",
    "action_flag": 1,
    "change_message": "[{\"added\": {}}]"
  }
},
{
  "model": "admin.logentry",
  "pk": 3,
  "fields": {
    "action_time": "2024-04-07T19:47:22.135Z",
    "user": 1,
    "content_type": 7,
    "object_id": "3",
    "object_repr": "Статьи",
    "action_flag": 1,
    "change_message": "[{\"added\": {}}]"
  }
},
{
  "model": "admin.logentry",
  "pk": 4,
  "fields": {
    "action_time": "2024-04-07T19:47:41.871Z",
    "user": 1,
    "content_type": 7,
    "object_id": "4",
    "object_repr": "Python",
    "action_flag": 1,
    "change_message": "[{\"added\": {}}]"
  }
},
{
  "model": "admin.logentry",
  "pk": 5,
  "fields": {
    "action_time": "2024-04-07T19:47:57.056Z",
    "user": 1,
    "content_type": 7,
    "object_id": "5",
    "object_repr": "Django",
    "action_flag": 1,
    "change_message": "[{\"added\": {}}]"
  }
},
{
  "model": "admin.logentry",
  "pk": 6,
  "fields": {
    "action_time": "2024-04-07T21:31:51.682Z",
    "user": 1,
    "content_type": 6,
    "object_id": "1",
    "object_repr": "Погружение в Python (from GPT)",
    "action_flag": 1,
    "change_message": "[{\"added\": {}}]"
  }
},
{
  "model": "admin.logentry",
  "pk": 7,
  "fields": {
    "action_time": "2024-04-07T21:33:49.408Z",
    "user": 1,
    "content_type": 6,
    "object_id": "1",
    "object_repr": "Погружение в Python (from GPT)",
    "action_flag": 2,
    "change_message": "[{\"changed\": {\"fields\": [\"\\u0418\\u0437\\u043e\\u0431\\u0440\\u0430\\u0436\\u0435\\u043d\\u0438\\u0435 \\u043f\\u043e\\u0441\\u0442\\u0430\"]}}]"
  }
},
{
  "model": "admin.logentry",
  "pk": 8,
  "fields": {
    "action_time": "2024-04-08T16:59:54.550Z",
    "user": 1,
    "content_type": 6,
    "object_id": "2",
    "object_repr": "Погружение в Python (from GPT)",
    "action_flag": 1,
    "change_message": "[{\"added\": {}}]"
  }
},
{
  "model": "admin.logentry",
  "pk": 9,
  "fields": {
    "action_time": "2024-04-08T17:00:13.409Z",
    "user": 1,
    "content_type": 6,
    "object_id": "2",
    "object_repr": "Погружение в Python (from GPT)",
    "action_flag": 2,
    "change_message": "[{\"changed\": {\"fields\": [\"\\u0418\\u0437\\u043e\\u0431\\u0440\\u0430\\u0436\\u0435\\u043d\\u0438\\u0435 \\u043f\\u043e\\u0441\\u0442\\u0430\"]}}]"
  }
},
{
  "model": "admin.logentry",
  "pk": 10,
  "fields": {
    "action_time": "2024-04-08T17:00:30.187Z",
    "user": 1,
    "content_type": 6,
    "object_id": "2",
    "object_repr": "Погружение в Python (from GPT)",
    "action_flag": 2,
    "change_message": "[]"
  }
},
{
  "model": "admin.logentry",
  "pk": 11,
  "fields": {
    "action_time": "2024-04-08T17:48:26.931Z",
    "user": 1,
    "content_type": 6,
    "object_id": "2",
    "object_repr": "Погружение в Python (from GPT)",
    "action_flag": 2,
    "change_message": "[]"
  }
},
{
  "model": "admin.logentry",
  "pk": 12,
  "fields": {
    "action_time": "2024-04-08T17:53:36.024Z",
    "user": 1,
    "content_type": 6,
    "object_id": "2",
    "object_repr": "Погружение в Python (from GPT)",
    "action_flag": 2,
    "change_message": "[]"
  }
},
{
  "model": "admin.logentry",
  "pk": 13,
  "fields": {
    "action_time": "2024-04-08T17:53:45.564Z",
    "user": 1,
    "content_type": 6,
    "object_id": "2",
    "object_repr": "Погружение в Python (from GPT)1",
    "action_flag": 2,
    "change_message": "[{\"changed\": {\"fields\": [\"\\u0417\\u0430\\u0433\\u043e\\u043b\\u043e\\u0432\\u043e\\u043a\"]}}]"
  }
},
{
  "model": "admin.logentry",
  "pk": 14,
  "fields": {
    "action_time": "2024-04-08T19:17:58.072Z",
    "user": 1,
    "content_type": 6,
    "object_id": "3",
    "object_repr": "Погружение в Python (from GPT)",
    "action_flag": 1,
    "change_message": "[{\"added\": {}}]"
  }
},
{
  "model": "admin.logentry",
  "pk": 15,
  "fields": {
    "action_time": "2024-04-08T19:18:05.315Z",
    "user": 1,
    "content_type": 6,
    "object_id": "3",
    "object_repr": "Погружение в Python (from GPT)",
    "action_flag": 2,
    "change_message": "[]"
  }
},
{
  "model": "admin.logentry",
  "pk": 16,
  "fields": {
    "action_time": "2024-04-08T19:18:08.004Z",
    "user": 1,
    "content_type": 6,
    "object_id": "3",
    "object_repr": "Погружение в Python (from GPT)",
    "action_flag": 2,
    "change_message": "[]"
  }
},
{
  "model": "admin.logentry",
  "pk": 17,
  "fields": {
    "action_time": "2024-04-08T19:18:11.816Z",
    "user": 1,
    "content_type": 6,
    "object_id": "3",
    "object_repr": "Погружение в Python (from GPT)",
    "action_flag": 2,
    "change_message": "[]"
  }
},
{
  "model": "admin.logentry",
  "pk": 18,
  "fields": {
    "action_time": "2024-04-08T19:18:47.720Z",
    "user": 1,
    "content_type": 6,
    "object_id": "3",
    "object_repr": "Погружение в Python (from GPT)",
    "action_flag": 2,
    "change_message": "[{\"changed\": {\"fields\": [\"URL\"]}}]"
  }
},
{
  "model": "admin.logentry",
  "pk": 19,
  "fields": {
    "action_time": "2024-04-08T19:18:52.960Z",
    "user": 1,
    "content_type": 6,
    "object_id": "3",
    "object_repr": "Погружение в Python (from GPT)",
    "action_flag": 2,
    "change_message": "[{\"changed\": {\"fields\": [\"URL\"]}}]"
  }
},
{
  "model": "admin.logentry",
  "pk": 20,
  "fields": {
    "action_time": "2024-04-08T19:19:45.748Z",
    "user": 1,
    "content_type": 6,
    "object_id": "3",
    "object_repr": "Погружение в Python (from GPT)",
    "action_flag": 2,
    "change_message": "[{\"changed\": {\"fields\": [\"URL\"]}}]"
  }
},
{
  "model": "admin.logentry",
  "pk": 21,
  "fields": {
    "action_time": "2024-04-08T19:20:17.856Z",
    "user": 1,
    "content_type": 6,
    "object_id": "4",
    "object_repr": "123123",
    "action_flag": 1,
    "change_message": "[{\"added\": {}}]"
  }
},
{
  "model": "admin.logentry",
  "pk": 22,
  "fields": {
    "action_time": "2024-04-08T21:24:07.418Z",
    "user": 1,
    "content_type": 6,
    "object_id": "4",
    "object_repr": "123123",
    "action_flag": 2,
    "change_message": "[{\"changed\": {\"fields\": [\"\\u041a\\u0430\\u0442\\u0435\\u0433\\u043e\\u0440\\u0438\\u044f\"]}}]"
  }
},
{
  "model": "admin.logentry",
  "pk": 23,
  "fields": {
    "action_time": "2024-04-08T21:24:11.484Z",
    "user": 1,
    "content_type": 6,
    "object_id": "3",
    "object_repr": "Погружение в Python (from GPT)",
    "action_flag": 2,
    "change_message": "[{\"changed\": {\"fields\": [\"\\u041a\\u0430\\u0442\\u0435\\u0433\\u043e\\u0440\\u0438\\u044f\"]}}]"
  }
},
{
  "model": "admin.logentry",
  "pk": 24,
  "fields": {
    "action_time": "2024-04-08T21:26:45.985Z",
    "user": 1,
    "content_type": 6,
    "object_id": "5",
    "object_repr": "Погружение в Django",
    "action_flag": 1,
    "change_message": "[{\"added\": {}}]"
  }
},
{
  "model": "admin.logentry",
  "pk": 25,
  "fields": {
    "action_time": "2024-04-08T21:28:49.613Z",
    "user": 1,
    "content_type": 6,
    "object_id": "6",
    "object_repr": "Статья",
    "action_flag": 1,
    "change_message": "[{\"added\": {}}]"
  }
},
{
  "model": "admin.logentry",
  "pk": 26,
  "fields": {
    "action_time": "2024-04-08T21:33:28.161Z",
    "user": 1,
    "content_type": 7,
    "object_id": "6",
    "object_repr": "Django Rest Framework",
    "action_flag": 1,
    "change_message": "[{\"added\": {}}]"
  }
},
{
  "model": "admin.logentry",
  "pk": 27,
  "fields": {
    "action_time": "2024-04-08T21:33:58.759Z",
    "user": 1,
    "content_type": 6,
    "object_id": "6",
    "object_repr": "Статья",
    "action_flag": 2,
    "change_message": "[{\"changed\": {\"fields\": [\"\\u041a\\u0430\\u0442\\u0435\\u0433\\u043e\\u0440\\u0438\\u044f\"]}}]"
  }
},
{
  "model": "admin.logentry",
  "pk": 28,
  "fields": {
    "action_time": "2024-04-08T21:53:38.069Z",
    "user": 1,
    "content_type": 6,
    "object_id": "1",
    "object_repr": "Погружение в Python (from GPT)",
    "action_flag": 2,
    "change_message": "[{\"changed\": {\"fields\": [\"\\u041a\\u0430\\u0442\\u0435\\u0433\\u043e\\u0440\\u0438\\u044f\"]}}]"
  }
},
{
  "model": "admin.logentry",
  "pk": 29,
  "fields": {
    "action_time": "2024-04-08T22:01:12.364Z",
    "user": 1,
    "content_type": 6,
    "object_id": "6",
    "object_repr": "Статья",
    "action_flag": 2,
    "change_message": "[{\"changed\": {\"fields\": [\"\\u0421\\u0442\\u0430\\u0442\\u0443\\u0441\"]}}]"
  }
},
{
  "model": "admin.logentry",
  "pk": 30,
  "fields": {
    "action_time": "2024-04-08T22:01:25.686Z",
    "user": 1,
    "content_type": 6,
    "object_id": "6",
    "object_repr": "Статья",
    "action_flag": 2,
    "change_message": "[{\"changed\": {\"fields\": [\"\\u0421\\u0442\\u0430\\u0442\\u0443\\u0441\"]}}]"
  }
},
{
  "model": "admin.logentry",
  "pk": 31,
  "fields": {
    "action_time": "2024-04-09T10:13:39.751Z",
    "user": 1,
    "content_type": 6,
    "object_id": "7",
    "object_repr": "Django: мощный фреймворк для веб-разработки(GPT)",
    "action_flag": 1,
    "change_message": "[{\"added\": {}}]"
  }
},
{
  "model": "admin.logentry",
  "pk": 32,
  "fields": {
    "action_time": "2024-04-09T10:14:13.242Z",
    "user": 1,
    "content_type": 6,
    "object_id": "8",
    "object_repr": "Создание блога с помощью Django(GPT)",
    "action_flag": 1,
    "change_message": "[{\"added\": {}}]"
  }
},
{
  "model": "admin.logentry",
  "pk": 33,
  "fields": {
    "action_time": "2024-04-09T10:14:40.962Z",
    "user": 1,
    "content_type": 6,
    "object_id": "9",
    "object_repr": "Python: простой и мощный язык программирования(GPT)",
    "action_flag": 1,
    "change_message": "[{\"added\": {}}]"
  }
},
{
  "model": "admin.logentry",
  "pk": 34,
  "fields": {
    "action_time": "2024-04-09T10:15:09.320Z",
    "user": 1,
    "content_type": 6,
    "object_id": "10",
    "object_repr": "Основы программирования на Python(GPT)",
    "action_flag": 1,
    "change_message": "[{\"added\": {}}]"
  }
},
{
  "model": "admin.logentry",
  "pk": 35,
  "fields": {
    "action_time": "2024-04-09T10:16:16.340Z",
    "user": 1,
    "content_type": 6,
    "object_id": "11",
    "object_repr": "Django REST Framework: мощный инструмент для создания веб-API (GPT)",
    "action_flag": 1,
    "change_message": "[{\"added\": {}}]"
  }
},
{
  "model": "admin.logentry",
  "pk": 36,
  "fields": {
    "action_time": "2024-04-09T10:58:48.777Z",
    "user": 1,
    "content_type": 6,
    "object_id": "11",
    "object_repr": "Django REST Framework: мощный инструмент для создания веб-API (GPT)",
    "action_flag": 2,
    "change_message": "[{\"changed\": {\"fields\": [\"\\u0421\\u0442\\u0430\\u0442\\u0443\\u0441\"]}}]"
  }
},
{
  "model": "admin.logentry",
  "pk": 37,
  "fields": {
    "action_time": "2024-04-09T10:58:57.265Z",
    "user": 1,
    "content_type": 6,
    "object_id": "11",
    "object_repr": "Django REST Framework: мощный инструмент для создания веб-API (GPT)",
    "action_flag": 2,
    "change_message": "[{\"changed\": {\"fields\": [\"\\u0421\\u0442\\u0430\\u0442\\u0443\\u0441\"]}}]"
  }
},
{
  "model": "admin.logentry",
  "pk": 38,
  "fields": {
    "action_time": "2024-04-09T13:51:39.378Z",
    "user": 1,
    "content_type": 8,
    "object_id": "2",
    "object_repr": "user",
    "action_flag": 1,
    "change_message": "[{\"added\": {}}]"
  }
},
{
  "model": "admin.logentry",
  "pk": 39,
  "fields": {
    "action_time": "2024-04-09T13:58:06.216Z",
    "user": 1,
    "content_type": 8,
    "object_id": "2",
    "object_repr": "user",
    "action_flag": 2,
    "change_message": "[]"
  }
},
{
  "model": "admin.logentry",
  "pk": 40,
  "fields": {
    "action_time": "2024-04-09T13:58:15.471Z",
    "user": 1,
    "content_type": 8,
    "object_id": "2",
    "object_repr": "user",
    "action_flag": 2,
    "change_message": "[{\"changed\": {\"fields\": [\"First name\"]}}]"
  }
},
{
  "model": "admin.logentry",
  "pk": 41,
  "fields": {
    "action_time": "2024-04-09T22:15:53.112Z",
    "user": 1,
    "content_type": 6,
    "object_id": "12",
    "object_repr": "Тест фото1",
    "action_flag": 1,
    "change_message": "[{\"added\": {}}]"
  }
},
{
  "model": "admin.logentry",
  "pk": 42,
  "fields": {
    "action_time": "2024-04-09T22:16:33.427Z",
    "user": 1,
    "content_type": 6,
    "object_id": "12",
    "object_repr": "Тест фото1",
    "action_flag": 2,
    "change_message": "[{\"changed\": {\"fields\": [\"\\u0418\\u0437\\u043e\\u0431\\u0440\\u0430\\u0436\\u0435\\u043d\\u0438\\u0435 \\u043f\\u043e\\u0441\\u0442\\u0430\"]}}]"
  }
},
{
  "model": "admin.logentry",
  "pk": 43,
  "fields": {
    "action_time": "2024-04-09T22:18:46.331Z",
    "user": 1,
    "content_type": 6,
    "object_id": "12",
    "object_repr": "Тест фото1",
    "action_flag": 2,
    "change_message": "[{\"changed\": {\"fields\": [\"\\u0418\\u0437\\u043e\\u0431\\u0440\\u0430\\u0436\\u0435\\u043d\\u0438\\u0435 \\u043f\\u043e\\u0441\\u0442\\u0430\"]}}]"
  }
},
{
  "model": "admin.logentry",
  "pk": 44,
  "fields": {
    "action_time": "2024-04-09T22:19:06.875Z",
    "user": 1,
    "content_type": 6,
    "object_id": "12",
    "object_repr": "Тест фото1",
    "action_flag": 2,
    "change_message": "[{\"changed\": {\"fields\": [\"\\u0418\\u0437\\u043e\\u0431\\u0440\\u0430\\u0436\\u0435\\u043d\\u0438\\u0435 \\u043f\\u043e\\u0441\\u0442\\u0430\"]}}]"
  }
},
{
  "model": "admin.logentry",
  "pk": 45,
  "fields": {
    "action_time": "2024-04-09T22:19:28.966Z",
    "user": 1,
    "content_type": 6,
    "object_id": "12",
    "object_repr": "Тест фото1",
    "action_flag": 2,
    "change_message": "[{\"changed\": {\"fields\": [\"\\u0418\\u0437\\u043e\\u0431\\u0440\\u0430\\u0436\\u0435\\u043d\\u0438\\u0435 \\u043f\\u043e\\u0441\\u0442\\u0430\"]}}]"
  }
},
{
  "model": "admin.logentry",
  "pk": 46,
  "fields": {
    "action_time": "2024-04-09T22:24:55.306Z",
    "user": 1,
    "content_type": 6,
    "object_id": "12",
    "object_repr": "Тест фото1",
    "action_flag": 2,
    "change_message": "[{\"changed\": {\"fields\": [\"\\u0418\\u0437\\u043e\\u0431\\u0440\\u0430\\u0436\\u0435\\u043d\\u0438\\u0435 \\u043f\\u043e\\u0441\\u0442\\u0430\"]}}]"
  }
},
{
  "model": "admin.logentry",
  "pk": 47,
  "fields": {
    "action_time": "2024-04-09T22:44:47.314Z",
    "user": 1,
    "content_type": 6,
    "object_id": "12",
    "object_repr": "Тест фото1",
    "action_flag": 2,
    "change_message": "[{\"changed\": {\"fields\": [\"\\u0418\\u0437\\u043e\\u0431\\u0440\\u0430\\u0436\\u0435\\u043d\\u0438\\u0435 \\u043f\\u043e\\u0441\\u0442\\u0430\"]}}]"
  }
},
{
  "model": "admin.logentry",
  "pk": 48,
  "fields": {
    "action_time": "2024-04-09T22:45:00.071Z",
    "user": 1,
    "content_type": 6,
    "object_id": "12",
    "object_repr": "Тест фото1",
    "action_flag": 2,
    "change_message": "[{\"changed\": {\"fields\": [\"\\u0418\\u0437\\u043e\\u0431\\u0440\\u0430\\u0436\\u0435\\u043d\\u0438\\u0435 \\u043f\\u043e\\u0441\\u0442\\u0430\"]}}]"
  }
},
{
  "model": "admin.logentry",
  "pk": 49,
  "fields": {
    "action_time": "2024-04-09T22:45:09.656Z",
    "user": 1,
    "content_type": 6,
    "object_id": "12",
    "object_repr": "Тест фото1",
    "action_flag": 2,
    "change_message": "[{\"changed\": {\"fields\": [\"\\u0418\\u0437\\u043e\\u0431\\u0440\\u0430\\u0436\\u0435\\u043d\\u0438\\u0435 \\u043f\\u043e\\u0441\\u0442\\u0430\"]}}]"
  }
},
{
  "model": "admin.logentry",
  "pk": 50,
  "fields": {
    "action_time": "2024-04-09T22:45:27.423Z",
    "user": 1,
    "content_type": 6,
    "object_id": "12",
    "object_repr": "Тест фото1",
    "action_flag": 2,
    "change_message": "[{\"changed\": {\"fields\": [\"\\u0418\\u0437\\u043e\\u0431\\u0440\\u0430\\u0436\\u0435\\u043d\\u0438\\u0435 \\u043f\\u043e\\u0441\\u0442\\u0430\"]}}]"
  }
},
{
  "model": "admin.logentry",
  "pk": 51,
  "fields": {
    "action_time": "2024-04-09T22:45:43.264Z",
    "user": 1,
    "content_type": 6,
    "object_id": "12",
    "object_repr": "Тест фото1",
    "action_flag": 2,
    "change_message": "[{\"changed\": {\"fields\": [\"\\u0418\\u0437\\u043e\\u0431\\u0440\\u0430\\u0436\\u0435\\u043d\\u0438\\u0435 \\u043f\\u043e\\u0441\\u0442\\u0430\"]}}]"
  }
},
{
  "model": "admin.logentry",
  "pk": 52,
  "fields": {
    "action_time": "2024-04-09T22:48:51.653Z",
    "user": 1,
    "content_type": 6,
    "object_id": "12",
    "object_repr": "Тест фото1",
    "action_flag": 2,
    "change_message": "[]"
  }
},
{
  "model": "admin.logentry",
  "pk": 53,
  "fields": {
    "action_time": "2024-04-09T22:49:00.670Z",
    "user": 1,
    "content_type": 6,
    "object_id": "12",
    "object_repr": "Тест фото1",
    "action_flag": 2,
    "change_message": "[{\"changed\": {\"fields\": [\"\\u041a\\u0440\\u0430\\u0442\\u043a\\u043e\\u0435 \\u043e\\u043f\\u0438\\u0441\\u0430\\u043d\\u0438\\u0435\"]}}]"
  }
},
{
  "model": "admin.logentry",
  "pk": 54,
  "fields": {
    "action_time": "2024-04-09T22:50:23.122Z",
    "user": 1,
    "content_type": 6,
    "object_id": "12",
    "object_repr": "Тест фото1",
    "action_flag": 2,
    "change_message": "[]"
  }
},
{
  "model": "admin.logentry",
  "pk": 55,
  "fields": {
    "action_time": "2024-04-09T22:50:30.866Z",
    "user": 1,
    "content_type": 6,
    "object_id": "12",
    "object_repr": "Тест фото1",
    "action_flag": 2,
    "change_message": "[{\"changed\": {\"fields\": [\"\\u0418\\u0437\\u043e\\u0431\\u0440\\u0430\\u0436\\u0435\\u043d\\u0438\\u0435 \\u043f\\u043e\\u0441\\u0442\\u0430\"]}}]"
  }
},
{
  "model": "admin.logentry",
  "pk": 56,
  "fields": {
    "action_time": "2024-04-09T22:50:47.342Z",
    "user": 1,
    "content_type": 6,
    "object_id": "12",
    "object_repr": "Тест фото1",
    "action_flag": 2,
    "change_message": "[{\"changed\": {\"fields\": [\"\\u0418\\u0437\\u043e\\u0431\\u0440\\u0430\\u0436\\u0435\\u043d\\u0438\\u0435 \\u043f\\u043e\\u0441\\u0442\\u0430\"]}}]"
  }
},
{
  "model": "admin.logentry",
  "pk": 57,
  "fields": {
    "action_time": "2024-04-09T22:51:14.978Z",
    "user": 1,
    "content_type": 6,
    "object_id": "12",
    "object_repr": "Тест фото1",
    "action_flag": 2,
    "change_message": "[{\"changed\": {\"fields\": [\"\\u0418\\u0437\\u043e\\u0431\\u0440\\u0430\\u0436\\u0435\\u043d\\u0438\\u0435 \\u043f\\u043e\\u0441\\u0442\\u0430\"]}}]"
  }
},
{
  "model": "admin.logentry",
  "pk": 58,
  "fields": {
    "action_time": "2024-04-09T22:51:22.128Z",
    "user": 1,
    "content_type": 6,
    "object_id": "12",
    "object_repr": "Тест фото1",
    "action_flag": 2,
    "change_message": "[{\"changed\": {\"fields\": [\"\\u0418\\u0437\\u043e\\u0431\\u0440\\u0430\\u0436\\u0435\\u043d\\u0438\\u0435 \\u043f\\u043e\\u0441\\u0442\\u0430\"]}}]"
  }
},
{
  "model": "admin.logentry",
  "pk": 59,
  "fields": {
    "action_time": "2024-04-09T22:54:01.199Z",
    "user": 1,
    "content_type": 6,
    "object_id": "12",
    "object_repr": "Тест фото1",
    "action_flag": 2,
    "change_message": "[{\"changed\": {\"fields\": [\"\\u0418\\u0437\\u043e\\u0431\\u0440\\u0430\\u0436\\u0435\\u043d\\u0438\\u0435 \\u043f\\u043e\\u0441\\u0442\\u0430\"]}}]"
  }
},
{
  "model": "admin.logentry",
  "pk": 60,
  "fields": {
    "action_time": "2024-04-09T22:56:45.448Z",
    "user": 1,
    "content_type": 6,
    "object_id": "12",
    "object_repr": "Тест фото1",
    "action_flag": 2,
    "change_message": "[{\"changed\": {\"fields\": [\"\\u0418\\u0437\\u043e\\u0431\\u0440\\u0430\\u0436\\u0435\\u043d\\u0438\\u0435 \\u043f\\u043e\\u0441\\u0442\\u0430\"]}}]"
  }
},
{
  "model": "admin.logentry",
  "pk": 61,
  "fields": {
    "action_time": "2024-04-09T22:56:50.443Z",
    "user": 1,
    "content_type": 6,
    "object_id": "12",
    "object_repr": "Тест фото1",
    "action_flag": 2,
    "change_message": "[]"
  }
},
{
  "model": "admin.logentry",
  "pk": 62,
  "fields": {
    "action_time": "2024-04-09T22:57:01.344Z",
    "user": 1,
    "content_type": 6,
    "object_id": "12",
    "object_repr": "Тест фото1",
    "action_flag": 2,
    "change_message": "[{\"changed\": {\"fields\": [\"\\u0418\\u0437\\u043e\\u0431\\u0440\\u0430\\u0436\\u0435\\u043d\\u0438\\u0435 \\u043f\\u043e\\u0441\\u0442\\u0430\"]}}]"
  }
},
{
  "model": "admin.logentry",
  "pk": 63,
  "fields": {
    "action_time": "2024-04-09T22:57:26.916Z",
    "user": 1,
    "content_type": 6,
    "object_id": "12",
    "object_repr": "Тест фото1",
    "action_flag": 2,
    "change_message": "[]"
  }
},
{
  "model": "admin.logentry",
  "pk": 64,
  "fields": {
    "action_time": "2024-04-09T22:57:33.473Z",
    "user": 1,
    "content_type": 6,
    "object_id": "12",
    "object_repr": "Тест фото1",
    "action_flag": 2,
    "change_message": "[]"
  }
},
{
  "model": "admin.logentry",
  "pk": 65,
  "fields": {
    "action_time": "2024-04-09T22:57:50.353Z",
    "user": 1,
    "content_type": 6,
    "object_id": "12",
    "object_repr": "Тест фото1",
    "action_flag": 2,
    "change_message": "[{\"changed\": {\"fields\": [\"\\u0418\\u0437\\u043e\\u0431\\u0440\\u0430\\u0436\\u0435\\u043d\\u0438\\u0435 \\u043f\\u043e\\u0441\\u0442\\u0430\"]}}]"
  }
},
{
  "model": "admin.logentry",
  "pk": 66,
  "fields": {
    "action_time": "2024-04-09T22:58:00.622Z",
    "user": 1,
    "content_type": 6,
    "object_id": "12",
    "object_repr": "Тест фото1",
    "action_flag": 2,
    "change_message": "[{\"changed\": {\"fields\": [\"\\u0418\\u0437\\u043e\\u0431\\u0440\\u0430\\u0436\\u0435\\u043d\\u0438\\u0435 \\u043f\\u043e\\u0441\\u0442\\u0430\"]}}]"
  }
},
{
  "model": "admin.logentry",
  "pk": 67,
  "fields": {
    "action_time": "2024-04-09T22:58:09.921Z",
    "user": 1,
    "content_type": 6,
    "object_id": "12",
    "object_repr": "Тест фото1",
    "action_flag": 2,
    "change_message": "[{\"changed\": {\"fields\": [\"\\u0418\\u0437\\u043e\\u0431\\u0440\\u0430\\u0436\\u0435\\u043d\\u0438\\u0435 \\u043f\\u043e\\u0441\\u0442\\u0430\"]}}]"
  }
},
{
  "model": "admin.logentry",
  "pk": 68,
  "fields": {
    "action_time": "2024-04-09T22:59:36.599Z",
    "user": 1,
    "content_type": 6,
    "object_id": "12",
    "object_repr": "Тест фото1",
    "action_flag": 2,
    "change_message": "[]"
  }
},
{
  "model": "admin.logentry",
  "pk": 69,
  "fields": {
    "action_time": "2024-04-09T22:59:42.439Z",
    "user": 1,
    "content_type": 6,
    "object_id": "12",
    "object_repr": "Тест фото1",
    "action_flag": 2,
    "change_message": "[{\"changed\": {\"fields\": [\"\\u0418\\u0437\\u043e\\u0431\\u0440\\u0430\\u0436\\u0435\\u043d\\u0438\\u0435 \\u043f\\u043e\\u0441\\u0442\\u0430\"]}}]"
  }
},
{
  "model": "admin.logentry",
  "pk": 70,
  "fields": {
    "action_time": "2024-04-09T23:00:13.060Z",
    "user": 1,
    "content_type": 6,
    "object_id": "12",
    "object_repr": "Тест фото1",
    "action_flag": 2,
    "change_message": "[{\"changed\": {\"fields\": [\"\\u0418\\u0437\\u043e\\u0431\\u0440\\u0430\\u0436\\u0435\\u043d\\u0438\\u0435 \\u043f\\u043e\\u0441\\u0442\\u0430\"]}}]"
  }
},
{
  "model": "admin.logentry",
  "pk": 71,
  "fields": {
    "action_time": "2024-04-09T23:00:19.622Z",
    "user": 1,
    "content_type": 6,
    "object_id": "12",
    "object_repr": "Тест фото1",
    "action_flag": 2,
    "change_message": "[{\"changed\": {\"fields\": [\"\\u0418\\u0437\\u043e\\u0431\\u0440\\u0430\\u0436\\u0435\\u043d\\u0438\\u0435 \\u043f\\u043e\\u0441\\u0442\\u0430\"]}}]"
  }
},
{
  "model": "admin.logentry",
  "pk": 72,
  "fields": {
    "action_time": "2024-04-09T23:00:25.837Z",
    "user": 1,
    "content_type": 6,
    "object_id": "12",
    "object_repr": "Тест фото1",
    "action_flag": 2,
    "change_message": "[{\"changed\": {\"fields\": [\"\\u0418\\u0437\\u043e\\u0431\\u0440\\u0430\\u0436\\u0435\\u043d\\u0438\\u0435 \\u043f\\u043e\\u0441\\u0442\\u0430\"]}}]"
  }
},
{
  "model": "admin.logentry",
  "pk": 73,
  "fields": {
    "action_time": "2024-04-09T23:03:55.153Z",
    "user": 1,
    "content_type": 6,
    "object_id": "12",
    "object_repr": "Тест фото1",
    "action_flag": 2,
    "change_message": "[{\"changed\": {\"fields\": [\"\\u0418\\u0437\\u043e\\u0431\\u0440\\u0430\\u0436\\u0435\\u043d\\u0438\\u0435 \\u043f\\u043e\\u0441\\u0442\\u0430\"]}}]"
  }
},
{
  "model": "admin.logentry",
  "pk": 74,
  "fields": {
    "action_time": "2024-04-09T23:05:47.355Z",
    "user": 1,
    "content_type": 9,
    "object_id": "2",
    "object_repr": "user",
    "action_flag": 2,
    "change_message": "[{\"changed\": {\"fields\": [\"Avatar\"]}}]"
  }
},
{
  "model": "admin.logentry",
  "pk": 75,
  "fields": {
    "action_time": "2024-04-09T23:06:18.775Z",
    "user": 1,
    "content_type": 6,
    "object_id": "12",
    "object_repr": "Тест фото1",
    "action_flag": 2,
    "change_message": "[{\"changed\": {\"fields\": [\"\\u0418\\u0437\\u043e\\u0431\\u0440\\u0430\\u0436\\u0435\\u043d\\u0438\\u0435 \\u043f\\u043e\\u0441\\u0442\\u0430\"]}}]"
  }
},
{
  "model": "admin.logentry",
  "pk": 76,
  "fields": {
    "action_time": "2024-04-09T23:15:10.398Z",
    "user": 1,
    "content_type": 9,
    "object_id": "2",
    "object_repr": "user",
    "action_flag": 2,
    "change_message": "[{\"changed\": {\"fields\": [\"Avatar\"]}}]"
  }
},
{
  "model": "admin.logentry",
  "pk": 77,
  "fields": {
    "action_time": "2024-04-10T08:37:41.795Z",
    "user": 1,
    "content_type": 6,
    "object_id": "11",
    "object_repr": "Django REST Framework: мощный инструмент для создания веб-API (GPT)",
    "action_flag": 2,
    "change_message": "[{\"changed\": {\"fields\": [\"\\u0418\\u0437\\u043e\\u0431\\u0440\\u0430\\u0436\\u0435\\u043d\\u0438\\u0435 \\u043f\\u043e\\u0441\\u0442\\u0430\"]}}]"
  }
},
{
  "model": "admin.logentry",
  "pk": 78,
  "fields": {
    "action_time": "2024-04-10T08:38:04.982Z",
    "user": 1,
    "content_type": 6,
    "object_id": "10",
    "object_repr": "Основы программирования на Python(GPT)",
    "action_flag": 2,
    "change_message": "[{\"changed\": {\"fields\": [\"\\u0418\\u0437\\u043e\\u0431\\u0440\\u0430\\u0436\\u0435\\u043d\\u0438\\u0435 \\u043f\\u043e\\u0441\\u0442\\u0430\"]}}]"
  }
},
{
  "model": "admin.logentry",
  "pk": 79,
  "fields": {
    "action_time": "2024-04-10T08:38:17.996Z",
    "user": 1,
    "content_type": 6,
    "object_id": "9",
    "object_repr": "Python: простой и мощный язык программирования(GPT)",
    "action_flag": 2,
    "change_message": "[{\"changed\": {\"fields\": [\"\\u0418\\u0437\\u043e\\u0431\\u0440\\u0430\\u0436\\u0435\\u043d\\u0438\\u0435 \\u043f\\u043e\\u0441\\u0442\\u0430\"]}}]"
  }
},
{
  "model": "admin.logentry",
  "pk": 80,
  "fields": {
    "action_time": "2024-04-10T08:38:28.999Z",
    "user": 1,
    "content_type": 6,
    "object_id": "8",
    "object_repr": "Создание блога с помощью Django(GPT)",
    "action_flag": 2,
    "change_message": "[{\"changed\": {\"fields\": [\"\\u0418\\u0437\\u043e\\u0431\\u0440\\u0430\\u0436\\u0435\\u043d\\u0438\\u0435 \\u043f\\u043e\\u0441\\u0442\\u0430\"]}}]"
  }
},
{
  "model": "admin.logentry",
  "pk": 81,
  "fields": {
    "action_time": "2024-04-10T08:38:47.076Z",
    "user": 1,
    "content_type": 6,
    "object_id": "7",
    "object_repr": "Django: мощный фреймворк для веб-разработки(GPT)",
    "action_flag": 2,
    "change_message": "[{\"changed\": {\"fields\": [\"\\u0418\\u0437\\u043e\\u0431\\u0440\\u0430\\u0436\\u0435\\u043d\\u0438\\u0435 \\u043f\\u043e\\u0441\\u0442\\u0430\"]}}]"
  }
},
{
  "model": "admin.logentry",
  "pk": 82,
  "fields": {
    "action_time": "2024-04-10T08:39:17.081Z",
    "user": 1,
    "content_type": 6,
    "object_id": "6",
    "object_repr": "Статья",
    "action_flag": 2,
    "change_message": "[{\"changed\": {\"fields\": [\"\\u0418\\u0437\\u043e\\u0431\\u0440\\u0430\\u0436\\u0435\\u043d\\u0438\\u0435 \\u043f\\u043e\\u0441\\u0442\\u0430\"]}}]"
  }
},
{
  "model": "admin.logentry",
  "pk": 83,
  "fields": {
    "action_time": "2024-04-10T08:39:33.091Z",
    "user": 1,
    "content_type": 6,
    "object_id": "5",
    "object_repr": "Погружение в Django",
    "action_flag": 2,
    "change_message": "[{\"changed\": {\"fields\": [\"\\u0418\\u0437\\u043e\\u0431\\u0440\\u0430\\u0436\\u0435\\u043d\\u0438\\u0435 \\u043f\\u043e\\u0441\\u0442\\u0430\"]}}]"
  }
},
{
  "model": "admin.logentry",
  "pk": 84,
  "fields": {
    "action_time": "2024-04-10T08:39:44.371Z",
    "user": 1,
    "content_type": 6,
    "object_id": "4",
    "object_repr": "123123",
    "action_flag": 2,
    "change_message": "[{\"changed\": {\"fields\": [\"\\u0418\\u0437\\u043e\\u0431\\u0440\\u0430\\u0436\\u0435\\u043d\\u0438\\u0435 \\u043f\\u043e\\u0441\\u0442\\u0430\"]}}]"
  }
},
{
  "model": "admin.logentry",
  "pk": 85,
  "fields": {
    "action_time": "2024-04-10T08:39:52.589Z",
    "user": 1,
    "content_type": 6,
    "object_id": "2",
    "object_repr": "Погружение в Python (from GPT)1",
    "action_flag": 2,
    "change_message": "[{\"changed\": {\"fields\": [\"\\u0418\\u0437\\u043e\\u0431\\u0440\\u0430\\u0436\\u0435\\u043d\\u0438\\u0435 \\u043f\\u043e\\u0441\\u0442\\u0430\"]}}]"
  }
},
{
  "model": "admin.logentry",
  "pk": 86,
  "fields": {
    "action_time": "2024-04-10T08:39:59.817Z",
    "user": 1,
    "content_type": 6,
    "object_id": "1",
    "object_repr": "Погружение в Python (from GPT)",
    "action_flag": 2,
    "change_message": "[{\"changed\": {\"fields\": [\"\\u0418\\u0437\\u043e\\u0431\\u0440\\u0430\\u0436\\u0435\\u043d\\u0438\\u0435 \\u043f\\u043e\\u0441\\u0442\\u0430\"]}}]"
  }
},
{
  "model": "admin.logentry",
  "pk": 87,
  "fields": {
    "action_time": "2024-04-10T08:41:30.478Z",
    "user": 1,
    "content_type": 9,
    "object_id": "2",
    "object_repr": "user",
    "action_flag": 2,
    "change_message": "[{\"changed\": {\"fields\": [\"Avatar\"]}}]"
  }
},
{
  "model": "admin.logentry",
  "pk": 88,
  "fields": {
    "action_time": "2024-04-10T08:42:20.322Z",
    "user": 1,
    "content_type": 8,
    "object_id": "2",
    "object_repr": "user",
    "action_flag": 2,
    "change_message": "[]"
  }
},
{
  "model": "admin.logentry",
  "pk": 89,
  "fields": {
    "action_time": "2024-04-10T08:45:00.948Z",
    "user": 1,
    "content_type": 9,
    "object_id": "1",
    "object_repr": "marsel",
    "action_flag": 2,
    "change_message": "[{\"changed\": {\"fields\": [\"Avatar\"]}}]"
  }
},
{
  "model": "admin.logentry",
  "pk": 90,
  "fields": {
    "action_time": "2024-04-10T08:57:03.297Z",
    "user": 1,
    "content_type": 9,
    "object_id": "2",
    "object_repr": "user",
    "action_flag": 2,
    "change_message": "[{\"changed\": {\"fields\": [\"Avatar\"]}}]"
  }
},
{
  "model": "admin.logentry",
  "pk": 91,
  "fields": {
    "action_time": "2024-04-10T08:59:35.765Z",
    "user": 1,
    "content_type": 9,
    "object_id": "2",
    "object_repr": "user",
    "action_flag": 2,
    "change_message": "[{\"changed\": {\"fields\": [\"Avatar\"]}}]"
  }
},
{
  "model": "admin.logentry",
  "pk": 92,
  "fields": {
    "action_time": "2024-04-10T09:04:19.967Z",
    "user": 1,
    "content_type": 8,
    "object_id": "3",
    "object_repr": "user_password",
    "action_flag": 1,
    "change_message": "[{\"added\": {}}]"
  }
},
{
  "model": "admin.logentry",
  "pk": 93,
  "fields": {
    "action_time": "2024-04-10T09:04:30.273Z",
    "user": 1,
    "content_type": 9,
    "object_id": "3",
    "object_repr": "user_password",
    "action_flag": 3,
    "change_message": ""
  }
},
{
  "model": "admin.logentry",
  "pk": 94,
  "fields": {
    "action_time": "2024-04-10T09:04:35.050Z",
    "user": 1,
    "content_type": 8,
    "object_id": "3",
    "object_repr": "user_password",
    "action_flag": 3,
    "change_message": ""
  }
},
{
  "model": "admin.logentry",
  "pk": 95,
  "fields": {
    "action_time": "2024-04-10T09:06:31.742Z",
    "user": 1,
    "content_type": 8,
    "object_id": "4",
    "object_repr": "marsel1",
    "action_flag": 1,
    "change_message": "[{\"added\": {}}]"
  }
},
{
  "model": "admin.logentry",
  "pk": 96,
  "fields": {
    "action_time": "2024-04-10T09:06:41.667Z",
    "user": 1,
    "content_type": 8,
    "object_id": "4",
    "object_repr": "marsel1",
    "action_flag": 2,
    "change_message": "[]"
  }
},
{
  "model": "admin.logentry",
  "pk": 97,
  "fields": {
    "action_time": "2024-04-10T09:07:08.423Z",
    "user": 1,
    "content_type": 8,
    "object_id": "4",
    "object_repr": "marsel1",
    "action_flag": 3,
    "change_message": ""
  }
},
{
  "model": "admin.logentry",
  "pk": 98,
  "fields": {
    "action_time": "2024-04-10T09:07:36.105Z",
    "user": 1,
    "content_type": 8,
    "object_id": "5",
    "object_repr": "test_photo",
    "action_flag": 1,
    "change_message": "[{\"added\": {}}]"
  }
},
{
  "model": "admin.logentry",
  "pk": 99,
  "fields": {
    "action_time": "2024-04-10T09:07:47.533Z",
    "user": 1,
    "content_type": 9,
    "object_id": "5",
    "object_repr": "test_photo",
    "action_flag": 2,
    "change_message": "[{\"changed\": {\"fields\": [\"Avatar\"]}}]"
  }
},
{
  "model": "admin.logentry",
  "pk": 100,
  "fields": {
    "action_time": "2024-04-10T09:07:57.352Z",
    "user": 1,
    "content_type": 9,
    "object_id": "5",
    "object_repr": "test_photo",
    "action_flag": 2,
    "change_message": "[{\"changed\": {\"fields\": [\"Avatar\"]}}]"
  }
},
{
  "model": "admin.logentry",
  "pk": 101,
  "fields": {
    "action_time": "2024-04-10T09:24:50.637Z",
    "user": 1,
    "content_type": 8,
    "object_id": "6",
    "object_repr": "test.jpg",
    "action_flag": 1,
    "change_message": "[{\"added\": {}}]"
  }
},
{
  "model": "admin.logentry",
  "pk": 102,
  "fields": {
    "action_time": "2024-04-10T09:24:57.001Z",
    "user": 1,
    "content_type": 9,
    "object_id": "6",
    "object_repr": "test.jpg",
    "action_flag": 2,
    "change_message": "[{\"changed\": {\"fields\": [\"Avatar\"]}}]"
  }
},
{
  "model": "admin.logentry",
  "pk": 103,
  "fields": {
    "action_time": "2024-04-10T13:28:35.888Z",
    "user": 1,
    "content_type": 6,
    "object_id": "13",
    "object_repr": "Новый пост пользователя",
    "action_flag": 2,
    "change_message": "[{\"changed\": {\"fields\": [\"\\u0410\\u0432\\u0442\\u043e\\u0440\", \"\\u041e\\u0431\\u043d\\u043e\\u0432\\u0438\\u043b\"]}}]"
  }
},
{
  "model": "admin.logentry",
  "pk": 104,
  "fields": {
    "action_time": "2024-04-10T13:28:41.719Z",
    "user": 1,
    "content_type": 6,
    "object_id": "6",
    "object_repr": "Статья",
    "action_flag": 2,
    "change_message": "[{\"changed\": {\"fields\": [\"\\u0410\\u0432\\u0442\\u043e\\u0440\", \"\\u041e\\u0431\\u043d\\u043e\\u0432\\u0438\\u043b\"]}}]"
  }
},
{
  "model": "admin.logentry",
  "pk": 105,
  "fields": {
    "action_time": "2024-04-10T13:28:47.156Z",
    "user": 1,
    "content_type": 6,
    "object_id": "7",
    "object_repr": "Django: мощный фреймворк для веб-разработки(GPT)",
    "action_flag": 2,
    "change_message": "[{\"changed\": {\"fields\": [\"\\u0410\\u0432\\u0442\\u043e\\u0440\", \"\\u041e\\u0431\\u043d\\u043e\\u0432\\u0438\\u043b\"]}}]"
  }
},
{
  "model": "admin.logentry",
  "pk": 106,
  "fields": {
    "action_time": "2024-04-10T13:28:52.100Z",
    "user": 1,
    "content_type": 6,
    "object_id": "2",
    "object_repr": "Погружение в Python (from GPT)1",
    "action_flag": 2,
    "change_message": "[{\"changed\": {\"fields\": [\"\\u0410\\u0432\\u0442\\u043e\\u0440\", \"\\u041e\\u0431\\u043d\\u043e\\u0432\\u0438\\u043b\"]}}]"
  }
},
{
  "model": "admin.logentry",
  "pk": 107,
  "fields": {
    "action_time": "2024-04-10T13:28:55.924Z",
    "user": 1,
    "content_type": 6,
    "object_id": "1",
    "object_repr": "Погружение в Python (from GPT)",
    "action_flag": 2,
    "change_message": "[{\"changed\": {\"fields\": [\"\\u0410\\u0432\\u0442\\u043e\\u0440\", \"\\u041e\\u0431\\u043d\\u043e\\u0432\\u0438\\u043b\"]}}]"
  }
},
{
  "model": "admin.logentry",
  "pk": 108,
  "fields": {
    "action_time": "2024-04-10T14:19:18.568Z",
    "user": 1,
    "content_type": 6,
    "object_id": "13",
    "object_repr": "Новый пост пользователя",
    "action_flag": 2,
    "change_message": "[{\"changed\": {\"fields\": [\"\\u0410\\u0432\\u0442\\u043e\\u0440\"]}}]"
  }
},
{
  "model": "admin.logentry",
  "pk": 109,
  "fields": {
    "action_time": "2024-04-10T15:00:08.563Z",
    "user": 1,
    "content_type": 6,
    "object_id": "13",
    "object_repr": "Новый пост пользователя",
    "action_flag": 2,
    "change_message": "[{\"changed\": {\"fields\": [\"\\u0421\\u0442\\u0430\\u0442\\u0443\\u0441\"]}}]"
  }
},
{
  "model": "admin.logentry",
  "pk": 110,
  "fields": {
    "action_time": "2024-04-11T09:23:23.746Z",
    "user": 1,
    "content_type": 6,
    "object_id": "7",
    "object_repr": "Django: мощный фреймворк для веб-разработки(GPT)",
    "action_flag": 2,
    "change_message": "[{\"changed\": {\"fields\": [\"\\u0410\\u0432\\u0442\\u043e\\u0440\", \"\\u041e\\u0431\\u043d\\u043e\\u0432\\u0438\\u043b\"]}}]"
  }
},
{
  "model": "admin.logentry",
  "pk": 111,
  "fields": {
    "action_time": "2024-04-11T09:23:39.739Z",
    "user": 1,
    "content_type": 6,
    "object_id": "7",
    "object_repr": "Django: мощный фреймворк для веб-разработки(GPT)",
    "action_flag": 2,
    "change_message": "[{\"changed\": {\"fields\": [\"\\u0410\\u0432\\u0442\\u043e\\u0440\", \"\\u041e\\u0431\\u043d\\u043e\\u0432\\u0438\\u043b\"]}}]"
  }
},
{
  "model": "admin.logentry",
  "pk": 112,
  "fields": {
    "action_time": "2024-04-11T09:39:26.677Z",
    "user": 1,
    "content_type": 8,
    "object_id": "2",
    "object_repr": "user",
    "action_flag": 2,
    "change_message": "[]"
  }
},
{
  "model": "admin.logentry",
  "pk": 113,
  "fields": {
    "action_time": "2024-04-12T09:34:46.148Z",
    "user": 1,
    "content_type": 10,
    "object_id": "1",
    "object_repr": "marsel:123",
    "action_flag": 1,
    "change_message": "[{\"added\": {}}]"
  }
},
{
  "model": "admin.logentry",
  "pk": 114,
  "fields": {
    "action_time": "2024-04-12T10:37:11.648Z",
    "user": 1,
    "content_type": 10,
    "object_id": "1",
    "object_repr": "marsel:123",
    "action_flag": 3,
    "change_message": ""
  }
},
{
  "model": "admin.logentry",
  "pk": 115,
  "fields": {
    "action_time": "2024-04-12T10:44:26.125Z",
    "user": 1,
    "content_type": 10,
    "object_id": "13",
    "object_repr": "marsel:123",
    "action_flag": 3,
    "change_message": ""
  }
},
{
  "model": "admin.logentry",
  "pk": 116,
  "fields": {
    "action_time": "2024-04-12T10:44:30.055Z",
    "user": 1,
    "content_type": 10,
    "object_id": "14",
    "object_repr": "marsel:123",
    "action_flag": 3,
    "change_message": ""
  }
},
{
  "model": "admin.logentry",
  "pk": 117,
  "fields": {
    "action_time": "2024-04-12T10:44:33.711Z",
    "user": 1,
    "content_type": 10,
    "object_id": "15",
    "object_repr": "marsel:123",
    "action_flag": 3,
    "change_message": ""
  }
},
{
  "model": "admin.logentry",
  "pk": 118,
  "fields": {
    "action_time": "2024-04-12T10:44:36.885Z",
    "user": 1,
    "content_type": 10,
    "object_id": "16",
    "object_repr": "marsel:123",
    "action_flag": 3,
    "change_message": ""
  }
},
{
  "model": "admin.logentry",
  "pk": 119,
  "fields": {
    "action_time": "2024-04-12T10:44:39.525Z",
    "user": 1,
    "content_type": 10,
    "object_id": "17",
    "object_repr": "marsel:123",
    "action_flag": 3,
    "change_message": ""
  }
},
{
  "model": "admin.logentry",
  "pk": 120,
  "fields": {
    "action_time": "2024-04-12T10:44:42.307Z",
    "user": 1,
    "content_type": 10,
    "object_id": "18",
    "object_repr": "marsel:123",
    "action_flag": 3,
    "change_message": ""
  }
},
{
  "model": "admin.logentry",
  "pk": 121,
  "fields": {
    "action_time": "2024-04-12T10:46:33.788Z",
    "user": 1,
    "content_type": 9,
    "object_id": "1",
    "object_repr": "marsel",
    "action_flag": 2,
    "change_message": "[{\"changed\": {\"fields\": [\"Avatar\"]}}]"
  }
},
{
  "model": "admin.logentry",
  "pk": 122,
  "fields": {
    "action_time": "2024-04-12T11:14:36.315Z",
    "user": 1,
    "content_type": 10,
    "object_id": "19",
    "object_repr": "marsel:Тест комментарий",
    "action_flag": 3,
    "change_message": ""
  }
},
{
  "model": "admin.logentry",
  "pk": 123,
  "fields": {
    "action_time": "2024-04-12T11:14:39.386Z",
    "user": 1,
    "content_type": 10,
    "object_id": "20",
    "object_repr": "marsel:123",
    "action_flag": 3,
    "change_message": ""
  }
},
{
  "model": "admin.logentry",
  "pk": 124,
  "fields": {
    "action_time": "2024-04-12T11:14:41.871Z",
    "user": 1,
    "content_type": 10,
    "object_id": "29",
    "object_repr": "marsel:1",
    "action_flag": 3,
    "change_message": ""
  }
},
{
  "model": "admin.logentry",
  "pk": 125,
  "fields": {
    "action_time": "2024-04-12T11:14:44.585Z",
    "user": 1,
    "content_type": 10,
    "object_id": "30",
    "object_repr": "marsel:1",
    "action_flag": 3,
    "change_message": ""
  }
},
{
  "model": "admin.logentry",
  "pk": 126,
  "fields": {
    "action_time": "2024-04-12T11:27:01.533Z",
    "user": 1,
    "content_type": 10,
    "object_id": "31",
    "object_repr": "marsel:1",
    "action_flag": 3,
    "change_message": ""
  }
},
{
  "model": "admin.logentry",
  "pk": 127,
  "fields": {
    "action_time": "2024-04-12T11:27:03.785Z",
    "user": 1,
    "content_type": 10,
    "object_id": "32",
    "object_repr": "marsel:1",
    "action_flag": 3,
    "change_message": ""
  }
},
{
  "model": "admin.logentry",
  "pk": 128,
  "fields": {
    "action_time": "2024-04-12T11:27:06.176Z",
    "user": 1,
    "content_type": 10,
    "object_id": "33",
    "object_repr": "marsel:1",
    "action_flag": 3,
    "change_message": ""
  }
},
{
  "model": "admin.logentry",
  "pk": 129,
  "fields": {
    "action_time": "2024-04-12T11:27:08.767Z",
    "user": 1,
    "content_type": 10,
    "object_id": "34",
    "object_repr": "marsel:1",
    "action_flag": 3,
    "change_message": ""
  }
},
{
  "model": "admin.logentry",
  "pk": 130,
  "fields": {
    "action_time": "2024-04-12T11:27:11.182Z",
    "user": 1,
    "content_type": 10,
    "object_id": "37",
    "object_repr": "marsel:123",
    "action_flag": 3,
    "change_message": ""
  }
},
{
  "model": "admin.logentry",
  "pk": 131,
  "fields": {
    "action_time": "2024-04-12T11:27:13.869Z",
    "user": 1,
    "content_type": 10,
    "object_id": "38",
    "object_repr": "marsel:123",
    "action_flag": 3,
    "change_message": ""
  }
},
{
  "model": "admin.logentry",
  "pk": 132,
  "fields": {
    "action_time": "2024-04-12T11:27:16.281Z",
    "user": 1,
    "content_type": 10,
    "object_id": "39",
    "object_repr": "marsel:123",
    "action_flag": 3,
    "change_message": ""
  }
},
{
  "model": "admin.logentry",
  "pk": 133,
  "fields": {
    "action_time": "2024-04-12T11:27:19.060Z",
    "user": 1,
    "content_type": 10,
    "object_id": "40",
    "object_repr": "marsel:ываывп",
    "action_flag": 3,
    "change_message": ""
  }
},
{
  "model": "admin.logentry",
  "pk": 134,
  "fields": {
    "action_time": "2024-04-12T11:30:19.221Z",
    "user": 1,
    "content_type": 10,
    "object_id": "41",
    "object_repr": "marsel:hiii",
    "action_flag": 3,
    "change_message": ""
  }
},
{
  "model": "admin.logentry",
  "pk": 135,
  "fields": {
    "action_time": "2024-04-12T11:30:19.239Z",
    "user": 1,
    "content_type": 10,
    "object_id": "42",
    "object_repr": "marsel:123",
    "action_flag": 3,
    "change_message": ""
  }
},
{
  "model": "admin.logentry",
  "pk": 136,
  "fields": {
    "action_time": "2024-04-12T11:30:19.256Z",
    "user": 1,
    "content_type": 10,
    "object_id": "43",
    "object_repr": "marsel:Hii",
    "action_flag": 3,
    "change_message": ""
  }
},
{
  "model": "admin.logentry",
  "pk": 137,
  "fields": {
    "action_time": "2024-04-12T11:30:19.274Z",
    "user": 1,
    "content_type": 10,
    "object_id": "44",
    "object_repr": "marsel:1",
    "action_flag": 3,
    "change_message": ""
  }
},
{
  "model": "admin.logentry",
  "pk": 138,
  "fields": {
    "action_time": "2024-04-12T11:30:19.292Z",
    "user": 1,
    "content_type": 10,
    "object_id": "45",
    "object_repr": "marsel:1",
    "action_flag": 3,
    "change_message": ""
  }
},
{
  "model": "admin.logentry",
  "pk": 139,
  "fields": {
    "action_time": "2024-04-12T11:30:19.308Z",
    "user": 1,
    "content_type": 10,
    "object_id": "46",
    "object_repr": "marsel:1",
    "action_flag": 3,
    "change_message": ""
  }
},
{
  "model": "admin.logentry",
  "pk": 140,
  "fields": {
    "action_time": "2024-04-12T11:30:19.325Z",
    "user": 1,
    "content_type": 10,
    "object_id": "47",
    "object_repr": "marsel:1",
    "action_flag": 3,
    "change_message": ""
  }
},
{
  "model": "admin.logentry",
  "pk": 141,
  "fields": {
    "action_time": "2024-04-12T11:35:14.183Z",
    "user": 1,
    "content_type": 10,
    "object_id": "48",
    "object_repr": "marsel:1",
    "action_flag": 3,
    "change_message": ""
  }
},
{
  "model": "admin.logentry",
  "pk": 142,
  "fields": {
    "action_time": "2024-04-12T11:35:14.201Z",
    "user": 1,
    "content_type": 10,
    "object_id": "49",
    "object_repr": "marsel:marsel, 1",
    "action_flag": 3,
    "change_message": ""
  }
},
{
  "model": "admin.logentry",
  "pk": 143,
  "fields": {
    "action_time": "2024-04-12T11:35:14.211Z",
    "user": 1,
    "content_type": 10,
    "object_id": "50",
    "object_repr": "marsel:1",
    "action_flag": 3,
    "change_message": ""
  }
},
{
  "model": "admin.logentry",
  "pk": 144,
  "fields": {
    "action_time": "2024-04-12T11:35:14.229Z",
    "user": 1,
    "content_type": 10,
    "object_id": "51",
    "object_repr": "marsel:1",
    "action_flag": 3,
    "change_message": ""
  }
},
{
  "model": "admin.logentry",
  "pk": 145,
  "fields": {
    "action_time": "2024-04-12T12:08:23.393Z",
    "user": 1,
    "content_type": 10,
    "object_id": "52",
    "object_repr": "marsel:привет, пост отстой",
    "action_flag": 3,
    "change_message": ""
  }
},
{
  "model": "admin.logentry",
  "pk": 146,
  "fields": {
    "action_time": "2024-04-12T12:08:23.413Z",
    "user": 1,
    "content_type": 10,
    "object_id": "53",
    "object_repr": "marsel:1",
    "action_flag": 3,
    "change_message": ""
  }
},
{
  "model": "admin.logentry",
  "pk": 147,
  "fields": {
    "action_time": "2024-04-12T12:08:23.432Z",
    "user": 1,
    "content_type": 10,
    "object_id": "55",
    "object_repr": "marsel:marsel, 1",
    "action_flag": 3,
    "change_message": ""
  }
},
{
  "model": "admin.logentry",
  "pk": 148,
  "fields": {
    "action_time": "2024-04-12T12:08:23.442Z",
    "user": 1,
    "content_type": 10,
    "object_id": "54",
    "object_repr": "marsel:1",
    "action_flag": 3,
    "change_message": ""
  }
},
{
  "model": "admin.logentry",
  "pk": 149,
  "fields": {
    "action_time": "2024-04-12T12:08:23.459Z",
    "user": 1,
    "content_type": 10,
    "object_id": "56",
    "object_repr": "marsel:1",
    "action_flag": 3,
    "change_message": ""
  }
},
{
  "model": "admin.logentry",
  "pk": 150,
  "fields": {
    "action_time": "2024-04-12T12:37:48.676Z",
    "user": 1,
    "content_type": 8,
    "object_id": "7",
    "object_repr": "new_user",
    "action_flag": 3,
    "change_message": ""
  }
},
{
  "model": "admin.logentry",
  "pk": 151,
  "fields": {
    "action_time": "2024-04-12T12:37:48.684Z",
    "user": 1,
    "content_type": 8,
    "object_id": "6",
    "object_repr": "test.jpg",
    "action_flag": 3,
    "change_message": ""
  }
},
{
  "model": "admin.logentry",
  "pk": 152,
  "fields": {
    "action_time": "2024-04-12T12:37:48.691Z",
    "user": 1,
    "content_type": 8,
    "object_id": "5",
    "object_repr": "test_photo",
    "action_flag": 3,
    "change_message": ""
  }
},
{
  "model": "admin.logentry",
  "pk": 153,
  "fields": {
    "action_time": "2024-04-12T12:37:48.698Z",
    "user": 1,
    "content_type": 8,
    "object_id": "2",
    "object_repr": "user",
    "action_flag": 3,
    "change_message": ""
  }
},
{
  "model": "admin.logentry",
  "pk": 154,
  "fields": {
    "action_time": "2024-04-13T10:33:33.750Z",
    "user": 1,
    "content_type": 6,
    "object_id": "16",
    "object_repr": "123",
    "action_flag": 1,
    "change_message": "[{\"added\": {}}]"
  }
},
{
  "model": "admin.logentry",
  "pk": 155,
  "fields": {
    "action_time": "2024-04-13T10:33:52.765Z",
    "user": 1,
    "content_type": 6,
    "object_id": "17",
    "object_repr": "123",
    "action_flag": 1,
    "change_message": "[{\"added\": {}}]"
  }
},
{
  "model": "admin.logentry",
  "pk": 156,
  "fields": {
    "action_time": "2024-04-13T10:34:12.187Z",
    "user": 1,
    "content_type": 6,
    "object_id": "18",
    "object_repr": "123",
    "action_flag": 1,
    "change_message": "[{\"added\": {}}]"
  }
},
{
  "model": "admin.logentry",
  "pk": 157,
  "fields": {
    "action_time": "2024-04-13T10:34:22.598Z",
    "user": 1,
    "content_type": 6,
    "object_id": "19",
    "object_repr": "123",
    "action_flag": 1,
    "change_message": "[{\"added\": {}}]"
  }
},
{
  "model": "admin.logentry",
  "pk": 158,
  "fields": {
    "action_time": "2024-04-13T10:34:34.817Z",
    "user": 1,
    "content_type": 6,
    "object_id": "20",
    "object_repr": "123",
    "action_flag": 1,
    "change_message": "[{\"added\": {}}]"
  }
},
{
  "model": "admin.logentry",
  "pk": 159,
  "fields": {
    "action_time": "2024-04-13T10:34:51.314Z",
    "user": 1,
    "content_type": 6,
    "object_id": "21",
    "object_repr": "123",
    "action_flag": 1,
    "change_message": "[{\"added\": {}}]"
  }
},
{
  "model": "admin.logentry",
  "pk": 160,
  "fields": {
    "action_time": "2024-04-13T10:34:52.920Z",
    "user": 1,
    "content_type": 6,
    "object_id": "22",
    "object_repr": "123",
    "action_flag": 1,
    "change_message": "[{\"added\": {}}]"
  }
},
{
  "model": "admin.logentry",
  "pk": 161,
  "fields": {
    "action_time": "2024-04-13T10:34:53.850Z",
    "user": 1,
    "content_type": 6,
    "object_id": "23",
    "object_repr": "123",
    "action_flag": 1,
    "change_message": "[{\"added\": {}}]"
  }
},
{
  "model": "admin.logentry",
  "pk": 162,
  "fields": {
    "action_time": "2024-04-13T10:34:54.419Z",
    "user": 1,
    "content_type": 6,
    "object_id": "24",
    "object_repr": "123",
    "action_flag": 1,
    "change_message": "[{\"added\": {}}]"
  }
},
{
  "model": "admin.logentry",
  "pk": 163,
  "fields": {
    "action_time": "2024-04-18T19:25:58.149Z",
    "user": 1,
    "content_type": 6,
    "object_id": "24",
    "object_repr": "123",
    "action_flag": 3,
    "change_message": ""
  }
},
{
  "model": "admin.logentry",
  "pk": 164,
  "fields": {
    "action_time": "2024-04-18T19:25:58.192Z",
    "user": 1,
    "content_type": 6,
    "object_id": "23",
    "object_repr": "123",
    "action_flag": 3,
    "change_message": ""
  }
},
{
  "model": "admin.logentry",
  "pk": 165,
  "fields": {
    "action_time": "2024-04-18T19:25:58.213Z",
    "user": 1,
    "content_type": 6,
    "object_id": "22",
    "object_repr": "123",
    "action_flag": 3,
    "change_message": ""
  }
},
{
  "model": "admin.logentry",
  "pk": 166,
  "fields": {
    "action_time": "2024-04-18T19:25:58.233Z",
    "user": 1,
    "content_type": 6,
    "object_id": "21",
    "object_repr": "123",
    "action_flag": 3,
    "change_message": ""
  }
},
{
  "model": "admin.logentry",
  "pk": 167,
  "fields": {
    "action_time": "2024-04-18T19:25:58.248Z",
    "user": 1,
    "content_type": 6,
    "object_id": "20",
    "object_repr": "123",
    "action_flag": 3,
    "change_message": ""
  }
},
{
  "model": "admin.logentry",
  "pk": 168,
  "fields": {
    "action_time": "2024-04-18T19:25:58.266Z",
    "user": 1,
    "content_type": 6,
    "object_id": "19",
    "object_repr": "123",
    "action_flag": 3,
    "change_message": ""
  }
},
{
  "model": "admin.logentry",
  "pk": 169,
  "fields": {
    "action_time": "2024-04-18T19:25:58.278Z",
    "user": 1,
    "content_type": 6,
    "object_id": "18",
    "object_repr": "123",
    "action_flag": 3,
    "change_message": ""
  }
},
{
  "model": "admin.logentry",
  "pk": 170,
  "fields": {
    "action_time": "2024-04-18T19:25:58.294Z",
    "user": 1,
    "content_type": 6,
    "object_id": "17",
    "object_repr": "123",
    "action_flag": 3,
    "change_message": ""
  }
},
{
  "model": "admin.logentry",
  "pk": 171,
  "fields": {
    "action_time": "2024-04-18T19:25:58.313Z",
    "user": 1,
    "content_type": 6,
    "object_id": "16",
    "object_repr": "123",
    "action_flag": 3,
    "change_message": ""
  }
},
{
  "model": "admin.logentry",
  "pk": 172,
  "fields": {
    "action_time": "2024-04-18T20:18:22.629Z",
    "user": 1,
    "content_type": 6,
    "object_id": "15",
    "object_repr": "Пост от new_user",
    "action_flag": 2,
    "change_message": "[{\"changed\": {\"fields\": [\"\\u0421\\u0442\\u0430\\u0442\\u0443\\u0441\"]}}]"
  }
},
{
  "model": "admin.logentry",
  "pk": 173,
  "fields": {
    "action_time": "2024-04-18T20:18:33.580Z",
    "user": 1,
    "content_type": 6,
    "object_id": "15",
    "object_repr": "Пост от new_user",
    "action_flag": 2,
    "change_message": "[{\"changed\": {\"fields\": [\"\\u0421\\u0442\\u0430\\u0442\\u0443\\u0441\"]}}]"
  }
},
{
  "model": "admin.logentry",
  "pk": 174,
  "fields": {
    "action_time": "2024-04-18T20:20:37.226Z",
    "user": 1,
    "content_type": 6,
    "object_id": "15",
    "object_repr": "Пост от new_user",
    "action_flag": 2,
    "change_message": "[{\"changed\": {\"fields\": [\"\\u0421\\u0442\\u0430\\u0442\\u0443\\u0441\"]}}]"
  }
},
{
  "model": "admin.logentry",
  "pk": 175,
  "fields": {
    "action_time": "2024-04-18T20:20:43.412Z",
    "user": 1,
    "content_type": 6,
    "object_id": "15",
    "object_repr": "Пост от new_user",
    "action_flag": 2,
    "change_message": "[{\"changed\": {\"fields\": [\"\\u0421\\u0442\\u0430\\u0442\\u0443\\u0441\"]}}]"
  }
},
{
  "model": "admin.logentry",
  "pk": 176,
  "fields": {
    "action_time": "2024-04-18T20:25:46.332Z",
    "user": 1,
    "content_type": 6,
    "object_id": "15",
    "object_repr": "Пост от new_user",
    "action_flag": 2,
    "change_message": "[{\"changed\": {\"fields\": [\"\\u0410\\u0432\\u0442\\u043e\\u0440\"]}}]"
  }
},
{
  "model": "admin.logentry",
  "pk": 177,
  "fields": {
    "action_time": "2024-04-19T08:15:26.030Z",
    "user": 1,
    "content_type": 6,
    "object_id": "26",
    "object_repr": "Тестовый пост для слага",
    "action_flag": 1,
    "change_message": "[{\"added\": {}}]"
  }
},
{
  "model": "admin.logentry",
  "pk": 178,
  "fields": {
    "action_time": "2024-04-19T08:17:17.205Z",
    "user": 1,
    "content_type": 6,
    "object_id": "15",
    "object_repr": "Пост от new_user",
    "action_flag": 2,
    "change_message": "[{\"changed\": {\"fields\": [\"\\u0418\\u0437\\u043e\\u0431\\u0440\\u0430\\u0436\\u0435\\u043d\\u0438\\u0435 \\u043f\\u043e\\u0441\\u0442\\u0430\"]}}]"
  }
},
{
  "model": "admin.logentry",
  "pk": 179,
  "fields": {
    "action_time": "2024-04-19T11:36:02.575Z",
    "user": 1,
    "content_type": 6,
    "object_id": "15",
    "object_repr": "Пост от new_user",
    "action_flag": 2,
    "change_message": "[{\"changed\": {\"fields\": [\"\\u0422\\u0435\\u0433\\u0438\"]}}]"
  }
},
{
  "model": "admin.logentry",
  "pk": 180,
  "fields": {
    "action_time": "2024-04-19T11:39:06.331Z",
    "user": 1,
    "content_type": 11,
    "object_id": "2",
    "object_repr": "привет",
    "action_flag": 1,
    "change_message": "[{\"added\": {}}]"
  }
},
{
  "model": "admin.logentry",
  "pk": 181,
  "fields": {
    "action_time": "2024-04-19T11:39:10.283Z",
    "user": 1,
    "content_type": 11,
    "object_id": "2",
    "object_repr": "привет",
    "action_flag": 3,
    "change_message": ""
  }
},
{
  "model": "admin.logentry",
  "pk": 182,
  "fields": {
    "action_time": "2024-04-19T11:41:15.645Z",
    "user": 1,
    "content_type": 11,
    "object_id": "3",
    "object_repr": "привет",
    "action_flag": 1,
    "change_message": "[{\"added\": {}}]"
  }
},
{
  "model": "admin.logentry",
  "pk": 183,
  "fields": {
    "action_time": "2024-04-19T11:41:20.650Z",
    "user": 1,
    "content_type": 11,
    "object_id": "3",
    "object_repr": "привет",
    "action_flag": 3,
    "change_message": ""
  }
},
{
  "model": "admin.logentry",
  "pk": 184,
  "fields": {
    "action_time": "2024-04-19T11:46:54.183Z",
    "user": 1,
    "content_type": 11,
    "object_id": "5",
    "object_repr": "баубус",
    "action_flag": 1,
    "change_message": "[{\"added\": {}}]"
  }
},
{
  "model": "admin.logentry",
  "pk": 185,
  "fields": {
    "action_time": "2024-04-19T11:46:57.879Z",
    "user": 1,
    "content_type": 11,
    "object_id": "5",
    "object_repr": "баубус",
    "action_flag": 3,
    "change_message": ""
  }
},
{
  "model": "admin.logentry",
  "pk": 186,
  "fields": {
    "action_time": "2024-04-19T16:04:19.665Z",
    "user": 1,
    "content_type": 11,
    "object_id": "1",
    "object_repr": "ага",
    "action_flag": 3,
    "change_message": ""
  }
},
{
  "model": "admin.logentry",
  "pk": 187,
  "fields": {
    "action_time": "2024-04-21T19:26:36.175Z",
    "user": 1,
    "content_type": 6,
    "object_id": "13",
    "object_repr": "Новый пост пользователя",
    "action_flag": 3,
    "change_message": ""
  }
},
{
  "model": "admin.logentry",
  "pk": 188,
  "fields": {
    "action_time": "2024-04-21T19:26:36.190Z",
    "user": 1,
    "content_type": 6,
    "object_id": "10",
    "object_repr": "Основы программирования на Python(GPT)",
    "action_flag": 3,
    "change_message": ""
  }
},
{
  "model": "admin.logentry",
  "pk": 189,
  "fields": {
    "action_time": "2024-04-21T19:26:36.198Z",
    "user": 1,
    "content_type": 6,
    "object_id": "9",
    "object_repr": "Python: простой и мощный язык программирования(GPT)",
    "action_flag": 3,
    "change_message": ""
  }
},
{
  "model": "admin.logentry",
  "pk": 190,
  "fields": {
    "action_time": "2024-04-21T19:26:36.205Z",
    "user": 1,
    "content_type": 6,
    "object_id": "8",
    "object_repr": "Создание блога с помощью Django(GPT)",
    "action_flag": 3,
    "change_message": ""
  }
},
{
  "model": "admin.logentry",
  "pk": 191,
  "fields": {
    "action_time": "2024-04-21T19:26:36.212Z",
    "user": 1,
    "content_type": 6,
    "object_id": "7",
    "object_repr": "Django: мощный фреймворк для веб-разработки(GPT)",
    "action_flag": 3,
    "change_message": ""
  }
},
{
  "model": "admin.logentry",
  "pk": 192,
  "fields": {
    "action_time": "2024-04-21T19:26:36.219Z",
    "user": 1,
    "content_type": 6,
    "object_id": "6",
    "object_repr": "Статья",
    "action_flag": 3,
    "change_message": ""
  }
},
{
  "model": "admin.logentry",
  "pk": 193,
  "fields": {
    "action_time": "2024-04-21T19:26:36.227Z",
    "user": 1,
    "content_type": 6,
    "object_id": "5",
    "object_repr": "Погружение в Django",
    "action_flag": 3,
    "change_message": ""
  }
},
{
  "model": "admin.logentry",
  "pk": 194,
  "fields": {
    "action_time": "2024-04-21T19:26:36.234Z",
    "user": 1,
    "content_type": 6,
    "object_id": "4",
    "object_repr": "123123",
    "action_flag": 3,
    "change_message": ""
  }
},
{
  "model": "admin.logentry",
  "pk": 195,
  "fields": {
    "action_time": "2024-04-21T19:26:36.241Z",
    "user": 1,
    "content_type": 6,
    "object_id": "3",
    "object_repr": "Погружение в Python (from GPT)",
    "action_flag": 3,
    "change_message": ""
  }
},
{
  "model": "admin.logentry",
  "pk": 196,
  "fields": {
    "action_time": "2024-04-21T19:26:36.248Z",
    "user": 1,
    "content_type": 6,
    "object_id": "2",
    "object_repr": "Погружение в Python (from GPT)1",
    "action_flag": 3,
    "change_message": ""
  }
},
{
  "model": "admin.logentry",
  "pk": 197,
  "fields": {
    "action_time": "2024-04-21T19:26:36.256Z",
    "user": 1,
    "content_type": 6,
    "object_id": "1",
    "object_repr": "Погружение в Python (from GPT)",
    "action_flag": 3,
    "change_message": ""
  }
},
{
  "model": "admin.logentry",
  "pk": 198,
  "fields": {
    "action_time": "2024-04-21T19:28:18.058Z",
    "user": 1,
    "content_type": 6,
    "object_id": "18",
    "object_repr": "Как выбрать силиконовый коврик",
    "action_flag": 1,
    "change_message": "[{\"added\": {}}]"
  }
},
{
  "model": "admin.logentry",
  "pk": 199,
  "fields": {
    "action_time": "2024-04-21T19:29:46.016Z",
    "user": 1,
    "content_type": 6,
    "object_id": "19",
    "object_repr": "python",
    "action_flag": 1,
    "change_message": "[{\"added\": {}}]"
  }
},
{
  "model": "admin.logentry",
  "pk": 200,
  "fields": {
    "action_time": "2024-04-21T19:29:53.584Z",
    "user": 1,
    "content_type": 6,
    "object_id": "19",
    "object_repr": "python",
    "action_flag": 2,
    "change_message": "[{\"changed\": {\"fields\": [\"\\u0418\\u0437\\u043e\\u0431\\u0440\\u0430\\u0436\\u0435\\u043d\\u0438\\u0435 \\u043f\\u043e\\u0441\\u0442\\u0430\"]}}]"
  }
},
{
  "model": "admin.logentry",
  "pk": 201,
  "fields": {
    "action_time": "2024-04-21T19:30:48.824Z",
    "user": 1,
    "content_type": 6,
    "object_id": "20",
    "object_repr": "django",
    "action_flag": 1,
    "change_message": "[{\"added\": {}}]"
  }
},
{
  "model": "admin.logentry",
  "pk": 202,
  "fields": {
    "action_time": "2024-04-21T19:32:20.259Z",
    "user": 1,
    "content_type": 6,
    "object_id": "21",
    "object_repr": "DRF",
    "action_flag": 1,
    "change_message": "[{\"added\": {}}]"
  }
},
{
  "model": "admin.logentry",
  "pk": 203,
  "fields": {
    "action_time": "2024-04-21T19:33:28.054Z",
    "user": 1,
    "content_type": 6,
    "object_id": "22",
    "object_repr": "Технологии",
    "action_flag": 1,
    "change_message": "[{\"added\": {}}]"
  }
},
{
  "model": "admin.logentry",
  "pk": 204,
  "fields": {
    "action_time": "2024-04-21T19:34:19.433Z",
    "user": 1,
    "content_type": 6,
    "object_id": "23",
    "object_repr": "Статьи",
    "action_flag": 1,
    "change_message": "[{\"added\": {}}]"
  }
},
{
  "model": "admin.logentry",
  "pk": 205,
  "fields": {
    "action_time": "2024-04-21T19:34:24.181Z",
    "user": 1,
    "content_type": 6,
    "object_id": "22",
    "object_repr": "Технологии",
    "action_flag": 2,
    "change_message": "[{\"changed\": {\"fields\": [\"\\u0410\\u0432\\u0442\\u043e\\u0440\", \"\\u041e\\u0431\\u043d\\u043e\\u0432\\u0438\\u043b\"]}}]"
  }
},
{
  "model": "admin.logentry",
  "pk": 206,
  "fields": {
    "action_time": "2024-04-22T09:21:48.875Z",
    "user": 1,
    "content_type": 7,
    "object_id": "6",
    "object_repr": "DRF",
    "action_flag": 2,
    "change_message": "[{\"changed\": {\"fields\": [\"\\u041a\\u0430\\u0442\\u0435\\u0433\\u043e\\u0438\\u044f\", \"URL \\u043a\\u0430\\u0442\\u0435\\u0433\\u043e\\u0440\\u0438\\u0438\"]}}]"
  }
},
{
  "model": "admin.logentry",
  "pk": 207,
  "fields": {
    "action_time": "2024-04-23T15:56:30.431Z",
    "user": 1,
    "content_type": 6,
    "object_id": "27",
    "object_repr": "Тестовая статья с сайта для сайта",
    "action_flag": 3,
    "change_message": ""
  }
},
{
  "model": "auth.permission",
  "pk": 1,
  "fields": {
    "name": "Can add log entry",
    "content_type": 1,
    "codename": "add_logentry"
  }
},
{
  "model": "auth.permission",
  "pk": 2,
  "fields": {
    "name": "Can change log entry",
    "content_type": 1,
    "codename": "change_logentry"
  }
},
{
  "model": "auth.permission",
  "pk": 3,
  "fields": {
    "name": "Can delete log entry",
    "content_type": 1,
    "codename": "delete_logentry"
  }
},
{
  "model": "auth.permission",
  "pk": 4,
  "fields": {
    "name": "Can view log entry",
    "content_type": 1,
    "codename": "view_logentry"
  }
},
{
  "model": "auth.permission",
  "pk": 5,
  "fields": {
    "name": "Can add permission",
    "content_type": 2,
    "codename": "add_permission"
  }
},
{
  "model": "auth.permission",
  "pk": 6,
  "fields": {
    "name": "Can change permission",
    "content_type": 2,
    "codename": "change_permission"
  }
},
{
  "model": "auth.permission",
  "pk": 7,
  "fields": {
    "name": "Can delete permission",
    "content_type": 2,
    "codename": "delete_permission"
  }
},
{
  "model": "auth.permission",
  "pk": 8,
  "fields": {
    "name": "Can view permission",
    "content_type": 2,
    "codename": "view_permission"
  }
},
{
  "model": "auth.permission",
  "pk": 9,
  "fields": {
    "name": "Can add group",
    "content_type": 3,
    "codename": "add_group"
  }
},
{
  "model": "auth.permission",
  "pk": 10,
  "fields": {
    "name": "Can change group",
    "content_type": 3,
    "codename": "change_group"
  }
},
{
  "model": "auth.permission",
  "pk": 11,
  "fields": {
    "name": "Can delete group",
    "content_type": 3,
    "codename": "delete_group"
  }
},
{
  "model": "auth.permission",
  "pk": 12,
  "fields": {
    "name": "Can view group",
    "content_type": 3,
    "codename": "view_group"
  }
},
{
  "model": "auth.permission",
  "pk": 13,
  "fields": {
    "name": "Can add content type",
    "content_type": 4,
    "codename": "add_contenttype"
  }
},
{
  "model": "auth.permission",
  "pk": 14,
  "fields": {
    "name": "Can change content type",
    "content_type": 4,
    "codename": "change_contenttype"
  }
},
{
  "model": "auth.permission",
  "pk": 15,
  "fields": {
    "name": "Can delete content type",
    "content_type": 4,
    "codename": "delete_contenttype"
  }
},
{
  "model": "auth.permission",
  "pk": 16,
  "fields": {
    "name": "Can view content type",
    "content_type": 4,
    "codename": "view_contenttype"
  }
},
{
  "model": "auth.permission",
  "pk": 17,
  "fields": {
    "name": "Can add session",
    "content_type": 5,
    "codename": "add_session"
  }
},
{
  "model": "auth.permission",
  "pk": 18,
  "fields": {
    "name": "Can change session",
    "content_type": 5,
    "codename": "change_session"
  }
},
{
  "model": "auth.permission",
  "pk": 19,
  "fields": {
    "name": "Can delete session",
    "content_type": 5,
    "codename": "delete_session"
  }
},
{
  "model": "auth.permission",
  "pk": 20,
  "fields": {
    "name": "Can view session",
    "content_type": 5,
    "codename": "view_session"
  }
},
{
  "model": "auth.permission",
  "pk": 21,
  "fields": {
    "name": "Can add Статья",
    "content_type": 6,
    "codename": "add_post"
  }
},
{
  "model": "auth.permission",
  "pk": 22,
  "fields": {
    "name": "Can change Статья",
    "content_type": 6,
    "codename": "change_post"
  }
},
{
  "model": "auth.permission",
  "pk": 23,
  "fields": {
    "name": "Can delete Статья",
    "content_type": 6,
    "codename": "delete_post"
  }
},
{
  "model": "auth.permission",
  "pk": 24,
  "fields": {
    "name": "Can view Статья",
    "content_type": 6,
    "codename": "view_post"
  }
},
{
  "model": "auth.permission",
  "pk": 25,
  "fields": {
    "name": "Can add Категория",
    "content_type": 7,
    "codename": "add_category"
  }
},
{
  "model": "auth.permission",
  "pk": 26,
  "fields": {
    "name": "Can change Категория",
    "content_type": 7,
    "codename": "change_category"
  }
},
{
  "model": "auth.permission",
  "pk": 27,
  "fields": {
    "name": "Can delete Категория",
    "content_type": 7,
    "codename": "delete_category"
  }
},
{
  "model": "auth.permission",
  "pk": 28,
  "fields": {
    "name": "Can view Категория",
    "content_type": 7,
    "codename": "view_category"
  }
},
{
  "model": "auth.permission",
  "pk": 29,
  "fields": {
    "name": "Can add Пользователь",
    "content_type": 8,
    "codename": "add_nextgenuser"
  }
},
{
  "model": "auth.permission",
  "pk": 30,
  "fields": {
    "name": "Can change Пользователь",
    "content_type": 8,
    "codename": "change_nextgenuser"
  }
},
{
  "model": "auth.permission",
  "pk": 31,
  "fields": {
    "name": "Can delete Пользователь",
    "content_type": 8,
    "codename": "delete_nextgenuser"
  }
},
{
  "model": "auth.permission",
  "pk": 32,
  "fields": {
    "name": "Can view Пользователь",
    "content_type": 8,
    "codename": "view_nextgenuser"
  }
},
{
  "model": "auth.permission",
  "pk": 33,
  "fields": {
    "name": "Can add Профиль",
    "content_type": 9,
    "codename": "add_userprofile"
  }
},
{
  "model": "auth.permission",
  "pk": 34,
  "fields": {
    "name": "Can change Профиль",
    "content_type": 9,
    "codename": "change_userprofile"
  }
},
{
  "model": "auth.permission",
  "pk": 35,
  "fields": {
    "name": "Can delete Профиль",
    "content_type": 9,
    "codename": "delete_userprofile"
  }
},
{
  "model": "auth.permission",
  "pk": 36,
  "fields": {
    "name": "Can view Профиль",
    "content_type": 9,
    "codename": "view_userprofile"
  }
},
{
  "model": "auth.permission",
  "pk": 37,
  "fields": {
    "name": "Can add Комментарий",
    "content_type": 10,
    "codename": "add_comment"
  }
},
{
  "model": "auth.permission",
  "pk": 38,
  "fields": {
    "name": "Can change Комментарий",
    "content_type": 10,
    "codename": "change_comment"
  }
},
{
  "model": "auth.permission",
  "pk": 39,
  "fields": {
    "name": "Can delete Комментарий",
    "content_type": 10,
    "codename": "delete_comment"
  }
},
{
  "model": "auth.permission",
  "pk": 40,
  "fields": {
    "name": "Can view Комментарий",
    "content_type": 10,
    "codename": "view_comment"
  }
},
{
  "model": "auth.permission",
  "pk": 41,
  "fields": {
    "name": "Can add tag",
    "content_type": 11,
    "codename": "add_tag"
  }
},
{
  "model": "auth.permission",
  "pk": 42,
  "fields": {
    "name": "Can change tag",
    "content_type": 11,
    "codename": "change_tag"
  }
},
{
  "model": "auth.permission",
  "pk": 43,
  "fields": {
    "name": "Can delete tag",
    "content_type": 11,
    "codename": "delete_tag"
  }
},
{
  "model": "auth.permission",
  "pk": 44,
  "fields": {
    "name": "Can view tag",
    "content_type": 11,
    "codename": "view_tag"
  }
},
{
  "model": "auth.permission",
  "pk": 45,
  "fields": {
    "name": "Can add tagged item",
    "content_type": 12,
    "codename": "add_taggeditem"
  }
},
{
  "model": "auth.permission",
  "pk": 46,
  "fields": {
    "name": "Can change tagged item",
    "content_type": 12,
    "codename": "change_taggeditem"
  }
},
{
  "model": "auth.permission",
  "pk": 47,
  "fields": {
    "name": "Can delete tagged item",
    "content_type": 12,
    "codename": "delete_taggeditem"
  }
},
{
  "model": "auth.permission",
  "pk": 48,
  "fields": {
    "name": "Can view tagged item",
    "content_type": 12,
    "codename": "view_taggeditem"
  }
},
{
  "model": "auth.permission",
  "pk": 49,
  "fields": {
    "name": "Can add Рейтинг",
    "content_type": 13,
    "codename": "add_postraiting"
  }
},
{
  "model": "auth.permission",
  "pk": 50,
  "fields": {
    "name": "Can change Рейтинг",
    "content_type": 13,
    "codename": "change_postraiting"
  }
},
{
  "model": "auth.permission",
  "pk": 51,
  "fields": {
    "name": "Can delete Рейтинг",
    "content_type": 13,
    "codename": "delete_postraiting"
  }
},
{
  "model": "auth.permission",
  "pk": 52,
  "fields": {
    "name": "Can view Рейтинг",
    "content_type": 13,
    "codename": "view_postraiting"
  }
},
{
  "model": "auth.permission",
  "pk": 53,
  "fields": {
    "name": "Can add Рейтинг",
    "content_type": 13,
    "codename": "add_postrating"
  }
},
{
  "model": "auth.permission",
  "pk": 54,
  "fields": {
    "name": "Can change Рейтинг",
    "content_type": 13,
    "codename": "change_postrating"
  }
},
{
  "model": "auth.permission",
  "pk": 55,
  "fields": {
    "name": "Can delete Рейтинг",
    "content_type": 13,
    "codename": "delete_postrating"
  }
},
{
  "model": "auth.permission",
  "pk": 56,
  "fields": {
    "name": "Can view Рейтинг",
    "content_type": 13,
    "codename": "view_postrating"
  }
},
{
  "model": "auth.permission",
  "pk": 57,
  "fields": {
    "name": "Can add association",
    "content_type": 14,
    "codename": "add_association"
  }
},
{
  "model": "auth.permission",
  "pk": 58,
  "fields": {
    "name": "Can change association",
    "content_type": 14,
    "codename": "change_association"
  }
},
{
  "model": "auth.permission",
  "pk": 59,
  "fields": {
    "name": "Can delete association",
    "content_type": 14,
    "codename": "delete_association"
  }
},
{
  "model": "auth.permission",
  "pk": 60,
  "fields": {
    "name": "Can view association",
    "content_type": 14,
    "codename": "view_association"
  }
},
{
  "model": "auth.permission",
  "pk": 61,
  "fields": {
    "name": "Can add code",
    "content_type": 15,
    "codename": "add_code"
  }
},
{
  "model": "auth.permission",
  "pk": 62,
  "fields": {
    "name": "Can change code",
    "content_type": 15,
    "codename": "change_code"
  }
},
{
  "model": "auth.permission",
  "pk": 63,
  "fields": {
    "name": "Can delete code",
    "content_type": 15,
    "codename": "delete_code"
  }
},
{
  "model": "auth.permission",
  "pk": 64,
  "fields": {
    "name": "Can view code",
    "content_type": 15,
    "codename": "view_code"
  }
},
{
  "model": "auth.permission",
  "pk": 65,
  "fields": {
    "name": "Can add nonce",
    "content_type": 16,
    "codename": "add_nonce"
  }
},
{
  "model": "auth.permission",
  "pk": 66,
  "fields": {
    "name": "Can change nonce",
    "content_type": 16,
    "codename": "change_nonce"
  }
},
{
  "model": "auth.permission",
  "pk": 67,
  "fields": {
    "name": "Can delete nonce",
    "content_type": 16,
    "codename": "delete_nonce"
  }
},
{
  "model": "auth.permission",
  "pk": 68,
  "fields": {
    "name": "Can view nonce",
    "content_type": 16,
    "codename": "view_nonce"
  }
},
{
  "model": "auth.permission",
  "pk": 69,
  "fields": {
    "name": "Can add user social auth",
    "content_type": 17,
    "codename": "add_usersocialauth"
  }
},
{
  "model": "auth.permission",
  "pk": 70,
  "fields": {
    "name": "Can change user social auth",
    "content_type": 17,
    "codename": "change_usersocialauth"
  }
},
{
  "model": "auth.permission",
  "pk": 71,
  "fields": {
    "name": "Can delete user social auth",
    "content_type": 17,
    "codename": "delete_usersocialauth"
  }
},
{
  "model": "auth.permission",
  "pk": 72,
  "fields": {
    "name": "Can view user social auth",
    "content_type": 17,
    "codename": "view_usersocialauth"
  }
},
{
  "model": "auth.permission",
  "pk": 73,
  "fields": {
    "name": "Can add partial",
    "content_type": 18,
    "codename": "add_partial"
  }
},
{
  "model": "auth.permission",
  "pk": 74,
  "fields": {
    "name": "Can change partial",
    "content_type": 18,
    "codename": "change_partial"
  }
},
{
  "model": "auth.permission",
  "pk": 75,
  "fields": {
    "name": "Can delete partial",
    "content_type": 18,
    "codename": "delete_partial"
  }
},
{
  "model": "auth.permission",
  "pk": 76,
  "fields": {
    "name": "Can view partial",
    "content_type": 18,
    "codename": "view_partial"
  }
},
{
  "model": "auth.permission",
  "pk": 77,
  "fields": {
    "name": "Can add Комментарий",
    "content_type": 8,
    "codename": "add_comment"
  }
},
{
  "model": "auth.permission",
  "pk": 78,
  "fields": {
    "name": "Can change Комментарий",
    "content_type": 8,
    "codename": "change_comment"
  }
},
{
  "model": "auth.permission",
  "pk": 79,
  "fields": {
    "name": "Can delete Комментарий",
    "content_type": 8,
    "codename": "delete_comment"
  }
},
{
  "model": "auth.permission",
  "pk": 80,
  "fields": {
    "name": "Can view Комментарий",
    "content_type": 8,
    "codename": "view_comment"
  }
},
{
  "model": "auth.permission",
  "pk": 81,
  "fields": {
    "name": "Can add Рейтинг",
    "content_type": 9,
    "codename": "add_postrating"
  }
},
{
  "model": "auth.permission",
  "pk": 82,
  "fields": {
    "name": "Can change Рейтинг",
    "content_type": 9,
    "codename": "change_postrating"
  }
},
{
  "model": "auth.permission",
  "pk": 83,
  "fields": {
    "name": "Can delete Рейтинг",
    "content_type": 9,
    "codename": "delete_postrating"
  }
},
{
  "model": "auth.permission",
  "pk": 84,
  "fields": {
    "name": "Can view Рейтинг",
    "content_type": 9,
    "codename": "view_postrating"
  }
},
{
  "model": "auth.permission",
  "pk": 85,
  "fields": {
    "name": "Can add Пользователь",
    "content_type": 10,
    "codename": "add_nextgenuser"
  }
},
{
  "model": "auth.permission",
  "pk": 86,
  "fields": {
    "name": "Can change Пользователь",
    "content_type": 10,
    "codename": "change_nextgenuser"
  }
},
{
  "model": "auth.permission",
  "pk": 87,
  "fields": {
    "name": "Can delete Пользователь",
    "content_type": 10,
    "codename": "delete_nextgenuser"
  }
},
{
  "model": "auth.permission",
  "pk": 88,
  "fields": {
    "name": "Can view Пользователь",
    "content_type": 10,
    "codename": "view_nextgenuser"
  }
},
{
  "model": "auth.permission",
  "pk": 89,
  "fields": {
    "name": "Can add Профиль",
    "content_type": 11,
    "codename": "add_userprofile"
  }
},
{
  "model": "auth.permission",
  "pk": 90,
  "fields": {
    "name": "Can change Профиль",
    "content_type": 11,
    "codename": "change_userprofile"
  }
},
{
  "model": "auth.permission",
  "pk": 91,
  "fields": {
    "name": "Can delete Профиль",
    "content_type": 11,
    "codename": "delete_userprofile"
  }
},
{
  "model": "auth.permission",
  "pk": 92,
  "fields": {
    "name": "Can view Профиль",
    "content_type": 11,
    "codename": "view_userprofile"
  }
},
{
  "model": "auth.permission",
  "pk": 93,
  "fields": {
    "name": "Can add tag",
    "content_type": 12,
    "codename": "add_tag"
  }
},
{
  "model": "auth.permission",
  "pk": 94,
  "fields": {
    "name": "Can change tag",
    "content_type": 12,
    "codename": "change_tag"
  }
},
{
  "model": "auth.permission",
  "pk": 95,
  "fields": {
    "name": "Can delete tag",
    "content_type": 12,
    "codename": "delete_tag"
  }
},
{
  "model": "auth.permission",
  "pk": 96,
  "fields": {
    "name": "Can view tag",
    "content_type": 12,
    "codename": "view_tag"
  }
},
{
  "model": "auth.permission",
  "pk": 97,
  "fields": {
    "name": "Can add tagged item",
    "content_type": 13,
    "codename": "add_taggeditem"
  }
},
{
  "model": "auth.permission",
  "pk": 98,
  "fields": {
    "name": "Can change tagged item",
    "content_type": 13,
    "codename": "change_taggeditem"
  }
},
{
  "model": "auth.permission",
  "pk": 99,
  "fields": {
    "name": "Can delete tagged item",
    "content_type": 13,
    "codename": "delete_taggeditem"
  }
},
{
  "model": "auth.permission",
  "pk": 100,
  "fields": {
    "name": "Can view tagged item",
    "content_type": 13,
    "codename": "view_taggeditem"
  }
},
{
  "model": "contenttypes.contenttype",
  "pk": 1,
  "fields": {
    "app_label": "admin",
    "model": "logentry"
  }
},
{
  "model": "contenttypes.contenttype",
  "pk": 2,
  "fields": {
    "app_label": "auth",
    "model": "permission"
  }
},
{
  "model": "contenttypes.contenttype",
  "pk": 3,
  "fields": {
    "app_label": "auth",
    "model": "group"
  }
},
{
  "model": "contenttypes.contenttype",
  "pk": 4,
  "fields": {
    "app_label": "contenttypes",
    "model": "contenttype"
  }
},
{
  "model": "contenttypes.contenttype",
  "pk": 5,
  "fields": {
    "app_label": "sessions",
    "model": "session"
  }
},
{
  "model": "contenttypes.contenttype",
  "pk": 6,
  "fields": {
    "app_label": "blog",
    "model": "post"
  }
},
{
  "model": "contenttypes.contenttype",
  "pk": 7,
  "fields": {
    "app_label": "blog",
    "model": "category"
  }
},
{
  "model": "contenttypes.contenttype",
  "pk": 8,
  "fields": {
    "app_label": "blog",
    "model": "comment"
  }
},
{
  "model": "contenttypes.contenttype",
  "pk": 9,
  "fields": {
    "app_label": "blog",
    "model": "postrating"
  }
},
{
  "model": "contenttypes.contenttype",
  "pk": 10,
  "fields": {
    "app_label": "user_app",
    "model": "nextgenuser"
  }
},
{
  "model": "contenttypes.contenttype",
  "pk": 11,
  "fields": {
    "app_label": "user_app",
    "model": "userprofile"
  }
},
{
  "model": "contenttypes.contenttype",
  "pk": 12,
  "fields": {
    "app_label": "taggit",
    "model": "tag"
  }
},
{
  "model": "contenttypes.contenttype",
  "pk": 13,
  "fields": {
    "app_label": "taggit",
    "model": "taggeditem"
  }
},
{
  "model": "contenttypes.contenttype",
  "pk": 14,
  "fields": {
    "app_label": "social_django",
    "model": "association"
  }
},
{
  "model": "contenttypes.contenttype",
  "pk": 15,
  "fields": {
    "app_label": "social_django",
    "model": "code"
  }
},
{
  "model": "contenttypes.contenttype",
  "pk": 16,
  "fields": {
    "app_label": "social_django",
    "model": "nonce"
  }
},
{
  "model": "contenttypes.contenttype",
  "pk": 17,
  "fields": {
    "app_label": "social_django",
    "model": "usersocialauth"
  }
},
{
  "model": "contenttypes.contenttype",
  "pk": 18,
  "fields": {
    "app_label": "social_django",
    "model": "partial"
  }
},
{
  "model": "sessions.session",
  "pk": "1s3jb4erin7e53rwphr1nd3sytel7zer",
  "fields": {
    "session_data": ".eJxVjDsOwjAQBe_iGlnsxr9Q0ucM1q7XxgGUSHFSIe4OkVJA-2bmvVSkba1xa3mJo6iLAnX63ZjSI087kDtNt1mneVqXkfWu6IM2PcySn9fD_Tuo1Oq3dmiwkx6cBEm2KwyeeiBviiFGYIuQs2MK5BOerRfsjEMHnLJQKF69P9mnN_I:1rwNZW:N7xpypWV4RKNFDV8awQAjNWWPkv-DnGM8J4HnEtnFOo",
    "expire_date": "2024-04-29T14:44:38.415Z"
  }
},
{
  "model": "sessions.session",
  "pk": "39oualnb3d9nbbkxw4dvgxx3fk3cqim8",
  "fields": {
    "session_data": "eyJnb29nbGUtb2F1dGgyX3N0YXRlIjoiT1JJQ1J2NkVMVFBSRHdUNlFPVGNJTG5HQjVnU0lJNWsifQ:1rydHY:TN7hgLHh9AozuhKJRCD1W6os3nOqmGyPtGjQ-PNSVP8",
    "expire_date": "2024-05-05T19:55:24.970Z"
  }
},
{
  "model": "sessions.session",
  "pk": "3rh99mokjbva0njg9373fp8xwr6py1e8",
  "fields": {
    "session_data": "eyJnb29nbGUtb2F1dGgyX3N0YXRlIjoiRW03clI0RWpqUnZwZWc4S2p2NGk2RFVZc0U0Z3JMQmcifQ:1s5DQQ:xI_Oxf9HntLQ_1VrKnt-bDF6mXMC92sBdq7rsqT0UOY",
    "expire_date": "2024-05-23T23:43:46.829Z"
  }
},
{
  "model": "sessions.session",
  "pk": "57qyzzn2t0m5fejzmyb0jkhe4nw5w8uz",
  "fields": {
    "session_data": ".eJxVjDsOwjAQBe_iGlnsxr9Q0ucM1q7XxgGUSHFSIe4OkVJA-2bmvVSkba1xa3mJo6iLAnX63ZjSI087kDtNt1mneVqXkfWu6IM2PcySn9fD_Tuo1Oq3dmiwkx6cBEm2KwyeeiBviiFGYIuQs2MK5BOerRfsjEMHnLJQKF69P9mnN_I:1rzGwt:dBQh3XgUh2N8p9R5kXi_8PwIQ0Xw19VZyBoXscYS-QM",
    "expire_date": "2024-05-07T14:16:43.950Z"
  }
},
{
  "model": "sessions.session",
  "pk": "5bf53ydl7ls7qegaxjln8oo1mcod8jfp",
  "fields": {
    "session_data": "eyJnb29nbGUtb2F1dGgyX3N0YXRlIjoiRlBFeGwwNDJjZ3ZvRDd0dk9zdmJGaHZJczNYUFFRdVgifQ:1s0fOX:RPlZnGZ_-zE-J0e-Ra5_FYxUYK784HfX1W7lEjbmHHc",
    "expire_date": "2024-05-11T10:35:01.590Z"
  }
},
{
  "model": "sessions.session",
  "pk": "92qu4k9n05b9pavq4e946853qp2qga0r",
  "fields": {
    "session_data": ".eJxVjDsOwjAQBe_iGlnsxr9Q0ucM1q7XxgGUSHFSIe4OkVJA-2bmvVSkba1xa3mJo6iLAnX63ZjSI087kDtNt1mneVqXkfWu6IM2PcySn9fD_Tuo1Oq3dmiwkx6cBEm2KwyeeiBviiFGYIuQs2MK5BOerRfsjEMHnLJQKF69P9mnN_I:1rvGC8:RvPqIfB7A4acpXnqP1g4VLz0I_HVYSBXhkhQ50TwioY",
    "expire_date": "2024-04-26T12:39:52.061Z"
  }
},
{
  "model": "sessions.session",
  "pk": "avsduioiaiwjth90fgt27vqrjwfp0gc6",
  "fields": {
    "session_data": ".eJxVjDsOwjAQBe_iGlnsxr9Q0ucM1q7XxgGUSHFSIe4OkVJA-2bmvVSkba1xa3mJo6iLAnX63ZjSI087kDtNt1mneVqXkfWu6IM2PcySn9fD_Tuo1Oq3dmiwkx6cBEm2KwyeeiBviiFGYIuQs2MK5BOerRfsjEMHnLJQKF69P9mnN_I:1sFadz:tS7iJVNFaZy-TkAwg1HEvgJ9TinkmjmSeQHEldSZeUo",
    "expire_date": "2024-06-21T14:32:39.762Z"
  }
},
{
  "model": "sessions.session",
  "pk": "b3ba89zflm7fnetpx8sfzhxvnudnpgqh",
  "fields": {
    "session_data": ".eJxVkM1qwzAQhN9F58RgWdJmc0suhfYQcijkJiR5_UOFhSM5UIe8e-U0h_g07CzfzLJ31obQetoGM6WO65hMIrZnwgD8DhfAsflKwXefFd7icZ7H8exmOn2zDdMLoadIV93XGcG1Z437oWFZxOB647ULVypebiz-a4uPp5wOS_ma70zsMiyVsBZrAUbJioAjSlHyHdRW8jxmBaIKsG4cV05JSyU2cifAAVcWKYe--p_R3sSkfWj74e3A1QvY4w9EpV1K:1rydJj:oeT0c4t8ZckLU6mY9INktm179rY-fpqG4qACHQypzYw",
    "expire_date": "2024-05-05T19:57:39.869Z"
  }
},
{
  "model": "sessions.session",
  "pk": "b7qni17kx5nerr5squa3mxl9fdb401zd",
  "fields": {
    "session_data": ".eJxVjDsOwjAQBe_iGlnsxr9Q0ucM1q7XxgGUSHFSIe4OkVJA-2bmvVSkba1xa3mJo6iLAnX63ZjSI087kDtNt1mneVqXkfWu6IM2PcySn9fD_Tuo1Oq3dmiwkx6cBEm2KwyeeiBviiFGYIuQs2MK5BOerRfsjEMHnLJQKF69P9mnN_I:1rvah3:62up5VhR70EAJTfSofAJVFHFvs6RpnTA5gz_PYYN-cQ",
    "expire_date": "2024-04-27T10:33:09.036Z"
  }
},
{
  "model": "sessions.session",
  "pk": "bew6bpeuifga4m6zk8zu6pkadjgff9cp",
  "fields": {
    "session_data": "eyJnb29nbGUtb2F1dGgyX3N0YXRlIjoiTG1QYzR3a0xyeUUyQWs0ZFdJb1JkMG1Vam50NUI2OEYifQ:1s5g76:j24WjOTDDIl9qt1pkfUm15kuTgLPP8P5i463ENm19_s",
    "expire_date": "2024-05-25T06:21:44.305Z"
  }
},
{
  "model": "sessions.session",
  "pk": "g1s0sqvzfdnvwjtcbs5vuoq1bxb7b8lr",
  "fields": {
    "session_data": "eyJnb29nbGUtb2F1dGgyX3N0YXRlIjoiczN0eFgwUjRtS1owOTRBTzU5dldYM25sbWxqMkUyZjkifQ:1s67rE:DeGQkxvprrkPHY8BMIr-me4PXU7z4xxZyk8lrCTHNZU",
    "expire_date": "2024-05-26T11:59:12.362Z"
  }
},
{
  "model": "sessions.session",
  "pk": "hlk3l95u8aa3rg4nn6wgb8qjyetqw4cf",
  "fields": {
    "session_data": ".eJxVjDsOwjAQBe_iGlnsxr9Q0ucM1q7XxgGUSHFSIe4OkVJA-2bmvVSkba1xa3mJo6iLAnX63ZjSI087kDtNt1mneVqXkfWu6IM2PcySn9fD_Tuo1Oq3dmiwkx6cBEm2KwyeeiBviiFGYIuQs2MK5BOerRfsjEMHnLJQKF69P9mnN_I:1rtYQi:e_tQPPdxKNpcewCcXMiDh6Ga9RYE3wZDDjzlXCMRGeg",
    "expire_date": "2024-04-21T19:43:52.420Z"
  }
},
{
  "model": "sessions.session",
  "pk": "htbn2gipodyna5ytdq5l53oq55n3rvbe",
  "fields": {
    "session_data": ".eJxVjDsOwjAQBe_iGlnsxr9Q0ucM1q7XxgGUSHFSIe4OkVJA-2bmvVSkba1xa3mJo6iLAnX63ZjSI087kDtNt1mneVqXkfWu6IM2PcySn9fD_Tuo1Oq3dmiwkx6cBEm2KwyeeiBviiFGYIuQs2MK5BOerRfsjEMHnLJQKF69P9mnN_I:1ryprc:k7MgsppEgVA0rEyrHPcLwbYoKw9f4g14CZJYtZsM4MI",
    "expire_date": "2024-05-06T09:21:28.213Z"
  }
},
{
  "model": "sessions.session",
  "pk": "i187rtvzrjbtxperl5v3owqteu1zdtkp",
  "fields": {
    "session_data": ".eJxVjDsOwjAQBe_iGlnsxr9Q0ucM1q7XxgGUSHFSIe4OkVJA-2bmvVSkba1xa3mJo6iLAnX63ZjSI087kDtNt1mneVqXkfWu6IM2PcySn9fD_Tuo1Oq3dmiwkx6cBEm2KwyeeiBviiFGYIuQs2MK5BOerRfsjEMHnLJQKF69P9mnN_I:1ryJ6Z:FD-T0E5UP_79l5iXRLU9sWaJE9FYcTiVNJWQ0NiKFSg",
    "expire_date": "2024-05-04T22:22:43.906Z"
  }
},
{
  "model": "sessions.session",
  "pk": "ifdizd4r9dyb6nwahucjjt7wbzmsbz11",
  "fields": {
    "session_data": "eyJnb29nbGUtb2F1dGgyX3N0YXRlIjoiTDJJa2t1ZExuZHd0amZVdTJmb2lCMm0xeUxrN0g2eHMifQ:1s5Daz:dQy5CZugO_aXRLpjKR_2YHXBvs0KlLZZBFC_BzY9Uy8",
    "expire_date": "2024-05-23T23:54:41.323Z"
  }
},
{
  "model": "sessions.session",
  "pk": "im5s6hdib4u1y0zsbm31op1jn8fgyxth",
  "fields": {
    "session_data": ".eJxVjEsLgkAURv_LrEucUWe0ZVFtioJIsI3cmXt9lDn4iIjov6fgxu13zvm-LLc2r2hp4dUXIu166Imt2CZew-Wk3V2yxw3drrZpPrHl5_fluW2S5sAWLB2L9NVRm5Y4JHy-aTAPqkeAd6hz6xhb922pnVFxJto5R4tUrSd3dlBAVwy1FL7wMOISQzSBl2muIOKg_MwHLbgOBCeSGkJQRriBQuH5UkiuDSGEmWK_PzNoS4E:1s2WJy:yS-412Djyg3-7dyhV9xnAurBmMnVhur7dNcHVvND0NQ",
    "expire_date": "2024-05-16T13:17:58.692Z"
  }
},
{
  "model": "sessions.session",
  "pk": "jglh2gqxybmmxoh3h4mqrb6w1on31w2i",
  "fields": {
    "session_data": ".eJxVjMsOgjAUBf-layW0lBZdsoDEBI2aEOOG3LaXd6jhtTH-u5CwYXtm5nxJYW3R4tHCNJYsG0YYkZzJY56u9e2Thk30ni_Rqw_vU-rFGCc8tMHTJQeSrUU2DdhnlVkSut8U6Aa7FZgausI62nZjXylnVZyNDk5iDbbh5u4OShjKpRaMM8-cqDCB0b6XKyrhREHynINiVPmMIgoFAUjNXF8a5nHBBFUaDQS5JL8_3kxK9Q:1rzEft:sOlYQvWihT9KXQTQQZr7DiWc5VinZ0sa9kUiAflSl0I",
    "expire_date": "2024-05-07T11:51:01.933Z"
  }
},
{
  "model": "sessions.session",
  "pk": "koa5szgejb2c8q15dvakxszv3rx22haq",
  "fields": {
    "session_data": ".eJxVkEsPgjAQhP9Lz0roVtvizXjwoIle9OCl6YtHQGsoqGD87wJykNMms_vNTPaNEueSws6drKsUhK9kZdEK8UdbXm17aQ53uj83Z9Mc87DebOPnc38qdy80Q6InRO1tKTLTIRimopI6t7d-453OZCG0K20wqj745QbbYRzWffqUT6VPO9iAJgQMjZcQEY4ZDkPMreHUENBApV0AY90FUzgiWmqmFcdU4RgMDzlRnemYP1gX0leicEl2-ys4-QH6fAHkDl1t:1rzHMq:0VowAl4E5ibt8ryjblfW3cOKyTy7zCc4v5ly5Pqyq9Y",
    "expire_date": "2024-05-07T14:43:32.993Z"
  }
},
{
  "model": "sessions.session",
  "pk": "lps4gnbu154cagytmldfxwpz8fq8opee",
  "fields": {
    "session_data": ".eJxVjDsOwjAQBe_iGlnsxr9Q0ucM1q7XxgGUSHFSIe4OkVJA-2bmvVSkba1xa3mJo6iLAnX63ZjSI087kDtNt1mneVqXkfWu6IM2PcySn9fD_Tuo1Oq3dmiwkx6cBEm2KwyeeiBviiFGYIuQs2MK5BOerRfsjEMHnLJQKF69P9mnN_I:1rxm9O:-0yq9BpiWMy4PVo2KUPJzZlG7sA1XoWBIhJjmsbeeng",
    "expire_date": "2024-05-03T11:11:26.135Z"
  }
},
{
  "model": "sessions.session",
  "pk": "mt67rrsjz9xasrqmldckv3kms3am17jh",
  "fields": {
    "session_data": ".eJxVkM0OwiAQhN-FszZKCxRvTYye_Dl4J0C3FEWJhaqJ8d2l6sGeJjubb2azT2S8Nw6mXvaxxSJEGQEtULe_VvnN3c6zZUkfZBO3tr-Djc3RrEw4GDRBYiBEH6ATtk4IH3tK6hNchkXw2kontO8g-7kh-9Zm64_sqqF8zLcytAkmtFCK1wWTlOTAMOekmOOS1YrgNCZlADnjdaMx1ZQomPOGlAXTDFPFIYX--j_RToYonDf28nfg6AXo9QZ9MF2E:1rzCsm:RKi5m4h3V7ysEi00TE-wqZ10qzk0FFM-HUtw6adOe1E",
    "expire_date": "2024-05-07T09:56:12.232Z"
  }
},
{
  "model": "sessions.session",
  "pk": "s2b40lpa4yac2a51wejqomnvrybjast3",
  "fields": {
    "session_data": "eyJnb29nbGUtb2F1dGgyX3N0YXRlIjoiUVNiRldEQm5lRFc0SFVXTkVnYlZNSEE3TmhiU3VvdGQifQ:1s9ioL:OJ76YSH-PaVLn4ho-dkv1TmWV4wp7_AJZOfhsYVZn6E",
    "expire_date": "2024-06-05T10:03:05.706Z"
  }
},
{
  "model": "sessions.session",
  "pk": "szbln3gd2ppf6k0cvlj8wbswe212rzds",
  "fields": {
    "session_data": ".eJxVjDsOwjAQBe_iGlnsxr9Q0ucM1q7XxgGUSHFSIe4OkVJA-2bmvVSkba1xa3mJo6iLAnX63ZjSI087kDtNt1mneVqXkfWu6IM2PcySn9fD_Tuo1Oq3dmiwkx6cBEm2KwyeeiBviiFGYIuQs2MK5BOerRfsjEMHnLJQKF69P9mnN_I:1rzDD1:ECG4ZGlDVGL6AfqmPfafOg_kEqwQFz6FQs7cGWsepPY",
    "expire_date": "2024-05-07T10:17:07.840Z"
  }
},
{
  "model": "sessions.session",
  "pk": "wpryyjp8k9jzw1tpytg89t11yydgb1w5",
  "fields": {
    "session_data": ".eJxVjDsPgjAURv9LZyW0QItuMrCZGBd0Ire9l3dawsNEjf9dSFhYv3PO92Wlc2VHRwfzVIl8nGAidma3j2r6p1XZRaX0aLMCk6D109K096R_mTc7sHwt8nmkIa9xSfh-02BasivABmzpPOPsNNTaWxVvo6N3dUhdsrm7gwrGaqmlCEWAJy4xRhMFheYKThxUWISgBdeR4ERSQwzKCD9SKIJQCsm1IYS4UOz3By3_S3U:1rzDJ4:uZqwQOxBfovXZ4AT7p_CUr5bq4829_Mrj_mFAssnpb4",
    "expire_date": "2024-05-07T10:23:22.145Z"
  }
},
{
  "model": "blog.post",
  "pk": 18,
  "fields": {
    "title": "Как выбрать силиконовый коврик",
    "slug": "kak-vyibrat-silikonovyij-kovrik",
    "description": "<p>Все изделия, которые предназначены для использования с пищевыми продуктами должны соответствовать определенным требованиям.</p>",
    "text": "<p>Все изделия, которые предназначены для использования с пищевыми продуктами должны соответствовать определенным требованиям. Прежде всего весь инвентарь должен быть качественным, это в частности касается силиконовых ковриков, которые подвергаются влиянию высоких температур.</p>",
    "category": 1,
    "thumbnail": "images/Post/kak-vyibrat-silikonovyij-kovrik/359fb2e2.gif",
    "status": "published",
    "create": "2024-04-21T19:28:18.043Z",
    "update": "2024-04-21T19:28:18.043Z",
    "author": 1,
    "updater": 1,
    "fixed": false
  }
},
{
  "model": "blog.post",
  "pk": 19,
  "fields": {
    "title": "python",
    "slug": "python",
    "description": "<p>Lorem Ipsum - это текст-&quot;рыба&quot;, часто используемый в печати и вэб-дизайне.</p>",
    "text": "<p>Lorem Ipsum - это текст-&quot;рыба&quot;, часто используемый в печати и вэб-дизайне. Lorem Ipsum является стандартной &quot;рыбой&quot; для текстов на латинице с начала XVI века. В то время некий безымянный печатник создал большую коллекцию размеров и форм шрифтов, используя Lorem Ipsum для распечатки образцов. Lorem Ipsum не только успешно пережил без заметных изменений пять веков, но и перешагнул в электронный дизайн. Его популяризации в новое время послужили публикация листов Letraset с образцами Lorem Ipsum в 60-х годах и, в более недавнее время, программы электронной вёрстки типа Aldus PageMaker, в шаблонах которых используется Lorem Ipsum.</p>",
    "category": 4,
    "thumbnail": "images/Post/python/609bc9a2.gif",
    "status": "published",
    "create": "2024-04-21T19:29:46.012Z",
    "update": "2024-04-21T19:29:53.582Z",
    "author": 1,
    "updater": 1,
    "fixed": false
  }
},
{
  "model": "blog.post",
  "pk": 20,
  "fields": {
    "title": "django",
    "slug": "django",
    "description": "<p>Lorem Ipsum - это текст-&quot;рыба&quot;, часто используемый в печати и вэб-дизайне.</p>",
    "text": "<p>Lorem Ipsum - это текст-&quot;рыба&quot;, часто используемый в печати и вэб-дизайне. Lorem Ipsum является стандартной &quot;рыбой&quot; для текстов на латинице с начала XVI века. В то время некий безымянный печатник создал большую коллекцию размеров и форм шрифтов, используя Lorem Ipsum для распечатки образцов. Lorem Ipsum не только успешно пережил без заметных изменений пять веков, но и перешагнул в электронный дизайн. Его популяризации в новое время послужили публикация листов Letraset с образцами Lorem Ipsum в 60-х годах и, в более недавнее время, программы электронной вёрстки типа Aldus PageMaker, в шаблонах которых используется Lorem Ipsum.</p>",
    "category": 5,
    "thumbnail": "images/Post/django/18dbd67d.png",
    "status": "published",
    "create": "2024-04-21T19:30:48.816Z",
    "update": "2024-04-21T19:30:48.816Z",
    "author": 1,
    "updater": 1,
    "fixed": false
  }
},
{
  "model": "blog.post",
  "pk": 21,
  "fields": {
    "title": "DRF",
    "slug": "drf",
    "description": "<p>Lorem Ipsum - это текст-&quot;рыба&quot;, часто используемый в печати и вэб-дизайне.1</p>",
    "text": "<p>Lorem Ipsum - это текст-&quot;рыба&quot;, часто используемый в печати и вэб-дизайне. Lorem Ipsum является стандартной &quot;рыбой&quot; для текстов на латинице с начала XVI века. В то время некий безымянный печатник создал большую коллекцию размеров и форм шрифтов, используя Lorem Ipsum для распечатки образцов. Lorem Ipsum не только успешно пережил без заметных изменений пять веков, но и перешагнул в электронный дизайн. Его популяризации в новое время послужили публикация листов Letraset с образцами Lorem Ipsum в 60-х годах и, в более недавнее время, программы электронной вёрстки типа Aldus PageMaker, в шаблонах которых используется Lorem Ipsum.</p>",
    "category": 6,
    "thumbnail": "images/Post/drf/c51a1ea4.png",
    "status": "published",
    "create": "2024-04-21T19:32:20.253Z",
    "update": "2024-04-23T12:31:18.269Z",
    "author": 1,
    "updater": 1,
    "fixed": false
  }
},
{
  "model": "blog.post",
  "pk": 22,
  "fields": {
    "title": "Технологии",
    "slug": "tehnologii",
    "description": "<p>Lorem Ipsum - это текст-&quot;рыба&quot;, часто используемый в печати и вэб-дизайне.</p>",
    "text": "<p>Lorem Ipsum - это текст-&quot;рыба&quot;, часто используемый в печати и вэб-дизайне. Lorem Ipsum является стандартной &quot;рыбой&quot; для текстов на латинице с начала XVI века. В то время некий безымянный печатник создал большую коллекцию размеров и форм шрифтов, используя Lorem Ipsum для распечатки образцов. Lorem Ipsum не только успешно пережил без заметных изменений пять веков, но и перешагнул в электронный дизайн. Его популяризации в новое время послужили публикация листов Letraset с образцами Lorem Ipsum в 60-х годах и, в более недавнее время, программы электронной вёрстки типа Aldus PageMaker, в шаблонах которых используется Lorem Ipsum.</p>",
    "category": 2,
    "thumbnail": "images/Post/tehnologii/1132e15d.jpg",
    "status": "published",
    "create": "2024-04-21T19:33:28.050Z",
    "update": "2024-04-21T19:34:24.178Z",
    "author": 8,
    "updater": 8,
    "fixed": false
  }
},
{
  "model": "blog.post",
  "pk": 23,
  "fields": {
    "title": "Статьи",
    "slug": "stati",
    "description": "<p>Lorem Ipsum - это текст-&quot;рыба&quot;, часто используемый в печати и вэб-дизайне.</p>",
    "text": "<p>Lorem Ipsum - это текст-&quot;рыба&quot;, часто используемый в печати и вэб-дизайне. Lorem Ipsum является стандартной &quot;рыбой&quot; для текстов на латинице с начала XVI века. В то время некий безымянный печатник создал большую коллекцию размеров и форм шрифтов, используя Lorem Ipsum для распечатки образцов. Lorem Ipsum не только успешно пережил без заметных изменений пять веков, но и перешагнул в электронный дизайн. Его популяризации в новое время послужили публикация листов Letraset с образцами Lorem Ipsum в 60-х годах и, в более недавнее время, программы электронной вёрстки типа Aldus PageMaker, в шаблонах которых используется Lorem Ipsum.</p>",
    "category": 3,
    "thumbnail": "images/Post/stati/c2a3c126.jpg",
    "status": "published",
    "create": "2024-04-21T19:34:19.428Z",
    "update": "2024-04-21T19:34:19.428Z",
    "author": 8,
    "updater": 8,
    "fixed": false
  }
},
{
  "model": "blog.post",
  "pk": 29,
  "fields": {
    "title": "Тест статья с точкой в нике",
    "slug": "test-statya-s-tochkoj-v-nike",
    "description": "<p>Тест статья с точкой в никеТест статья с точкой в никеТест статья с точкой в нике</p>",
    "text": "<p>Тест статья с точкой в никеТест статья с точкой в никеТест статья с точкой в нике</p>",
    "category": 2,
    "thumbnail": "images/default_user.jpg",
    "status": "published",
    "create": "2024-04-23T14:43:01.269Z",
    "update": "2024-04-23T14:43:01.269Z",
    "author": 13,
    "updater": 1,
    "fixed": false
  }
},
{
  "model": "blog.post",
  "pk": 30,
  "fields": {
    "title": "Мой первый пост тут!",
    "slug": "moj-pervyij-post-tut",
    "description": "<p>Вы не поверите насколько это важно для меня</p>",
    "text": "<p>Аж слов нет</p>",
    "category": 4,
    "thumbnail": "post_images/27fa3be0-8f4b-4088-8c9b-d85d63c11168.webp",
    "status": "published",
    "create": "2024-05-02T13:14:28.492Z",
    "update": "2024-05-02T13:14:28.492Z",
    "author": 14,
    "updater": 1,
    "fixed": true
  }
},
{
  "model": "blog.post",
  "pk": 31,
  "fields": {
    "title": "123",
    "slug": "123",
    "description": "<p>123</p>",
    "text": "<p>123</p>",
    "category": 2,
    "thumbnail": "post_images/17155120244980.png",
    "status": "published",
    "create": "2024-05-20T14:16:17.297Z",
    "update": "2024-05-20T14:16:17.297Z",
    "author": 1,
    "updater": 1,
    "fixed": false
  }
},
{
  "model": "blog.category",
  "pk": 1,
  "fields": {
    "title": "Новости",
    "slug": "novosti",
    "description": "В данной категории находятся новости",
    "parent": null,
    "lft": 1,
    "rght": 4,
    "tree_id": 1,
    "level": 0
  }
},
{
  "model": "blog.category",
  "pk": 2,
  "fields": {
    "title": "Технологии",
    "slug": "tehnologii",
    "description": "Новости в категории технологии",
    "parent": 1,
    "lft": 2,
    "rght": 3,
    "tree_id": 1,
    "level": 1
  }
},
{
  "model": "blog.category",
  "pk": 3,
  "fields": {
    "title": "Статьи",
    "slug": "stati",
    "description": "Категория для статей",
    "parent": null,
    "lft": 1,
    "rght": 8,
    "tree_id": 2,
    "level": 0
  }
},
{
  "model": "blog.category",
  "pk": 4,
  "fields": {
    "title": "Python",
    "slug": "python",
    "description": "Статьи на тему Python",
    "parent": 3,
    "lft": 6,
    "rght": 7,
    "tree_id": 2,
    "level": 1
  }
},
{
  "model": "blog.category",
  "pk": 5,
  "fields": {
    "title": "Django",
    "slug": "django",
    "description": "Статьи на тему Django",
    "parent": 3,
    "lft": 2,
    "rght": 3,
    "tree_id": 2,
    "level": 1
  }
},
{
  "model": "blog.category",
  "pk": 6,
  "fields": {
    "title": "DRF",
    "slug": "drf",
    "description": "Категория Django REST framework",
    "parent": 3,
    "lft": 4,
    "rght": 5,
    "tree_id": 2,
    "level": 1
  }
},
{
  "model": "blog.comment",
  "pk": 11,
  "fields": {
    "post": 23,
    "author": 11,
    "status": "published",
    "create": "2024-04-23T13:45:34.255Z",
    "body": "Привет",
    "parent": null,
    "lft": 1,
    "rght": 2,
    "tree_id": 1,
    "level": 0
  }
},
{
  "model": "blog.postrating",
  "pk": 129,
  "fields": {
    "post": 21,
    "user": 1,
    "value": -1
  }
},
{
  "model": "blog.postrating",
  "pk": 130,
  "fields": {
    "post": 22,
    "user": 1,
    "value": -1
  }
},
{
  "model": "blog.postrating",
  "pk": 131,
  "fields": {
    "post": 23,
    "user": 1,
    "value": 1
  }
},
{
  "model": "blog.postrating",
  "pk": 132,
  "fields": {
    "post": 23,
    "user": 9,
    "value": 1
  }
},
{
  "model": "blog.postrating",
  "pk": 133,
  "fields": {
    "post": 29,
    "user": 1,
    "value": 1
  }
},
{
  "model": "blog.postrating",
  "pk": 134,
  "fields": {
    "post": 30,
    "user": 1,
    "value": 1
  }
},
{
  "model": "user_app.nextgenuser",
  "pk": 1,
  "fields": {
    "password": "pbkdf2_sha256$720000$5blnvruvL2IWzoU7nJyDnz$X82rpiR4OuEbo2NWERvfLgfl2b1mMFCae+Mb4hXwjC0=",
    "last_login": "2024-06-19T15:55:39.717Z",
    "is_superuser": true,
    "first_name": "Марсель",
    "last_name": "Павук",
    "email": "dasdasd@wdawd.ru",
    "is_staff": true,
    "is_active": true,
    "date_joined": "2024-04-07T19:43:26.559Z",
    "username": "marsel",
    "groups": [],
    "user_permissions": []
  }
},
{
  "model": "user_app.nextgenuser",
  "pk": 8,
  "fields": {
    "password": "pbkdf2_sha256$720000$fBR01lSIKHOu24UwErc1Nq$iO+1yqbGBwZS2RpUrO2oFydbu8lQNtqh9OfTNN6Rbvo=",
    "last_login": "2024-04-20T22:21:42.023Z",
    "is_superuser": false,
    "first_name": "user",
    "last_name": "user",
    "email": "user@user.com",
    "is_staff": false,
    "is_active": true,
    "date_joined": "2024-04-12T12:38:26.746Z",
    "username": "user",
    "groups": [],
    "user_permissions": []
  }
},
{
  "model": "user_app.nextgenuser",
  "pk": 9,
  "fields": {
    "password": "!uFsLEHVgDI4HbezZtbO72z50a6urSJkgQQJAuWat",
    "last_login": "2024-04-23T10:35:44.154Z",
    "is_superuser": false,
    "first_name": "Марсель",
    "last_name": "Нарбеков",
    "email": "lllmarselll@gmail.com",
    "is_staff": false,
    "is_active": true,
    "date_joined": "2024-04-21T19:55:24.937Z",
    "username": "lllmarselll",
    "groups": [],
    "user_permissions": []
  }
},
{
  "model": "user_app.nextgenuser",
  "pk": 11,
  "fields": {
    "password": "pbkdf2_sha256$720000$dv8WDFqS00OpVtzNUqtWYH$4Ivaiajwjr+3zPO8JYepYn95nA1f8Q9yQOEmTYy2QsU=",
    "last_login": "2024-04-23T13:56:12.573Z",
    "is_superuser": false,
    "first_name": "marsel",
    "last_name": "pavuk",
    "email": "pavur@pavuk.com",
    "is_staff": false,
    "is_active": true,
    "date_joined": "2024-04-23T13:42:19.758Z",
    "username": "marselpavuk",
    "groups": [],
    "user_permissions": []
  }
},
{
  "model": "user_app.nextgenuser",
  "pk": 12,
  "fields": {
    "password": "!rAOEbe3Zw4FynV8sAKuTPE8gdfXAC0mPtgLII4uZ",
    "last_login": "2024-04-23T14:43:46.336Z",
    "is_superuser": false,
    "first_name": "Casticus",
    "last_name": "",
    "email": "casticus.tw@gmail.com",
    "is_staff": false,
    "is_active": true,
    "date_joined": "2024-04-23T13:53:23.240Z",
    "username": "casticus.tw",
    "groups": [],
    "user_permissions": []
  }
},
{
  "model": "user_app.nextgenuser",
  "pk": 13,
  "fields": {
    "password": "pbkdf2_sha256$720000$otsEF0vin2Rb5N7sXkUPAm$4BWvukKcyO8iNtygmE25usuDrT608/QJhQV+JexbACA=",
    "last_login": "2024-04-23T15:56:06.855Z",
    "is_superuser": false,
    "first_name": "marsel.marsel",
    "last_name": "marsel.marsel",
    "email": "",
    "is_staff": false,
    "is_active": true,
    "date_joined": "2024-04-23T14:42:24.501Z",
    "username": "marsel.marsel",
    "groups": [],
    "user_permissions": []
  }
},
{
  "model": "user_app.nextgenuser",
  "pk": 14,
  "fields": {
    "password": "pbkdf2_sha256$720000$RYOAUxbocA7UPVmJ2KdwA3$hU3AZrXix5HQDAZcn+LwBNiXqaV35pAgVyW6heP71jo=",
    "last_login": "2024-05-02T13:13:25.457Z",
    "is_superuser": false,
    "first_name": "max",
    "last_name": "Ponomarenko",
    "email": "max@yanex.ru",
    "is_staff": false,
    "is_active": true,
    "date_joined": "2024-05-02T13:12:40.405Z",
    "username": "Maxito__..@+112",
    "groups": [],
    "user_permissions": []
  }
},
{
  "model": "user_app.userprofile",
  "pk": 1,
  "fields": {
    "user": 1,
    "slug": "marsel",
    "avatar": "profile_images/1_liczrVL.png",
    "bio": "Админ"
  }
},
{
  "model": "user_app.userprofile",
  "pk": 8,
  "fields": {
    "user": 8,
    "slug": "user",
    "avatar": "images/default_user.jpg",
    "bio": ""
  }
},
{
  "model": "user_app.userprofile",
  "pk": 9,
  "fields": {
    "user": 9,
    "slug": "lllmarselll",
    "avatar": "images/default_user.jpg",
    "bio": ""
  }
},
{
  "model": "user_app.userprofile",
  "pk": 11,
  "fields": {
    "user": 11,
    "slug": "marselpavuk",
    "avatar": "profile_images/1.png",
    "bio": ""
  }
},
{
  "model": "user_app.userprofile",
  "pk": 12,
  "fields": {
    "user": 12,
    "slug": "casticustw",
    "avatar": "profile_images/pig.png",
    "bio": ""
  }
},
{
  "model": "user_app.userprofile",
  "pk": 13,
  "fields": {
    "user": 13,
    "slug": "marselmarsel",
    "avatar": "images/default_user.jpg",
    "bio": ""
  }
},
{
  "model": "user_app.userprofile",
  "pk": 14,
  "fields": {
    "user": 14,
    "slug": "maxito112",
    "avatar": "images/default_user.jpg",
    "bio": ""
  }
},
{
  "model": "taggit.tag",
  "pk": 4,
  "fields": {
    "name": "привет",
    "slug": "privet"
  }
},
{
  "model": "taggit.tag",
  "pk": 6,
  "fields": {
    "name": "тест",
    "slug": "test"
  }
},
{
  "model": "taggit.tag",
  "pk": 7,
  "fields": {
    "name": "ага",
    "slug": "aga"
  }
},
{
  "model": "taggit.tag",
  "pk": 8,
  "fields": {
    "name": "тег",
    "slug": "teg"
  }
},
{
  "model": "taggit.tag",
  "pk": 9,
  "fields": {
    "name": "тег2",
    "slug": "teg2"
  }
},
{
  "model": "taggit.tag",
  "pk": 10,
  "fields": {
    "name": "123",
    "slug": "123"
  }
},
{
  "model": "taggit.tag",
  "pk": 11,
  "fields": {
    "name": "#ПерыйПост",
    "slug": "peryipost"
  }
},
{
  "model": "taggit.taggeditem",
  "pk": 10,
  "fields": {
    "tag": 8,
    "content_type": 6,
    "object_id": 18
  }
},
{
  "model": "taggit.taggeditem",
  "pk": 11,
  "fields": {
    "tag": 8,
    "content_type": 6,
    "object_id": 19
  }
},
{
  "model": "taggit.taggeditem",
  "pk": 12,
  "fields": {
    "tag": 8,
    "content_type": 6,
    "object_id": 20
  }
},
{
  "model": "taggit.taggeditem",
  "pk": 13,
  "fields": {
    "tag": 9,
    "content_type": 6,
    "object_id": 20
  }
},
{
  "model": "taggit.taggeditem",
  "pk": 14,
  "fields": {
    "tag": 9,
    "content_type": 6,
    "object_id": 21
  }
},
{
  "model": "taggit.taggeditem",
  "pk": 15,
  "fields": {
    "tag": 8,
    "content_type": 6,
    "object_id": 22
  }
},
{
  "model": "taggit.taggeditem",
  "pk": 16,
  "fields": {
    "tag": 9,
    "content_type": 6,
    "object_id": 23
  }
},
{
  "model": "taggit.taggeditem",
  "pk": 19,
  "fields": {
    "tag": 10,
    "content_type": 6,
    "object_id": 26
  }
},
{
  "model": "taggit.taggeditem",
  "pk": 22,
  "fields": {
    "tag": 4,
    "content_type": 6,
    "object_id": 29
  }
},
{
  "model": "taggit.taggeditem",
  "pk": 23,
  "fields": {
    "tag": 11,
    "content_type": 6,
    "object_id": 30
  }
},
{
  "model": "taggit.taggeditem",
  "pk": 24,
  "fields": {
    "tag": 10,
    "content_type": 6,
    "object_id": 31
  }
},
{
  "model": "social_django.usersocialauth",
  "pk": 1,
  "fields": {
    "user": 9,
    "provider": "google-oauth2",
    "uid": "lllmarselll@gmail.com",
    "extra_data": {
      "expires": 3599,
      "auth_time": 1713866172,
      "token_type": "Bearer",
      "access_token": "ya29.a0Ad52N38ScCLqx6NgZWRjGNwp_KtanXYVRHAlCj9ciGQVJ9nn_KqxuvANPG2ZfKgXVLqImKpAwJ7QhFT0IaFkQPr_hUdRbH1AP-osLpSA6R0GOPKj2gDqvSJCKx5fXNHf7DKu0jnOueoTh3N6kSfNj_MQ9SwYaNRyQwaCgYKARISARASFQHGX2Mi-5PRe_oPY78xsrna_Ow32Q0169"
    },
    "created": "2024-04-21T19:55:24.948Z",
    "modified": "2024-04-23T09:56:12.222Z"
  }
},
{
  "model": "social_django.usersocialauth",
  "pk": 3,
  "fields": {
    "user": 12,
    "provider": "google-oauth2",
    "uid": "casticus.tw@gmail.com",
    "extra_data": {
      "expires": 3599,
      "auth_time": 1713883412,
      "token_type": "Bearer",
      "access_token": "ya29.a0Ad52N38ViKmrLLBjjYWjKal4vZw8PSxWvi-nHzxFhUtQurCwPPosN-W9WZDQW-myv6t64VamgCWVXO5wwHmd5K01rnLTg3vGOd4ILoS2-cgpPVXpc9TGEkR8JQDBN9GY88jBkvJU3wBZy6GT11kP0Se1JW0Or-YfbgaCgYKAV8SARMSFQHGX2MiJXiKkf5xGagyo8t3Kpi9hw0169"
    },
    "created": "2024-04-23T13:53:23.246Z",
    "modified": "2024-04-23T14:43:32.983Z"
  }
}
]
